Object ID,Label,Probability,Object X,Object Y,,,,,,Object Z,Vx,Vy,Vz,Covariance_00,Covariance_01,Covariance_02,Covariance_03,Covariance_04,Covariance_05,Self Position X,Self Position Y,Self Position Z,,,
7af29626468ebb9ba224a7ecfa792e6f,1,1,4056.66810493912,57977.0451310424,6.31658311612082,4054.04956054688,57971.296875,2.61854439223998,5.74825604240323,283.198028564453,-0.510434209684906,0,0,1.44909130485204,-0.15599095971249,0,0,0,0,4054.04956054688,57971.296875,,,4056.66810493912,57977.0451310424
7af29626468ebb9ba224a7ecfa792e6f,1,1,4056.81416109334,57976.9995646871,6.33748261128432,4054.04956054688,57971.296875,2.76460054645986,5.70268968710298,283.184112548828,-0.584141759544143,0,0,1.17855962117535,-0.124268682964408,0,0,0,0,4054.04956054688,57971.296875,,,4056.81416109334,57976.9995646871
7af29626468ebb9ba224a7ecfa792e6f,1,1,4056.87201431905,57976.9915071449,6.35571243540827,4054.04956054688,57971.296875,2.82245377216987,5.69463214489952,283.184112548828,-0.584141759544143,0,0,1.48820250525481,-0.153017746800664,0,0,0,0,4054.2212634354,57971.5296269809,283.720916974512,,4057.04371720757,57977.2242591258
7af29626468ebb9ba224a7ecfa792e6f,1,1,4057.11913882833,57977.0153774837,6.49026821337838,4054.04956054688,57971.296875,3.06957828145005,5.71850248370174,283.188568115234,-0.711870156044995,0,0,1.35404605832849,-0.133876644534027,0,0,0,0,4054.2212634354,57971.5296269809,283.720916974512,,4057.29084171685,57977.2481294646
7af29626468ebb9ba224a7ecfa792e6f,1,1,4057.18972961563,57977.0061575219,6.51587052470792,4054.04956054688,57971.296875,3.14016906874986,5.7092825219006,283.188568115234,-0.711870156044995,0,0,1.68796900398392,-0.161751540445567,0,0,0,0,4054.2212634354,57971.5296269809,283.720916974512,,4057.36143250415,57977.2389095028
7af29626468ebb9ba224a7ecfa792e6f,1,1,4057.39199029748,57976.9292843484,6.54949400378118,4054.04956054688,57971.296875,3.34242975059988,5.63240934839996,283.181854248047,-0.808321943927856,0,0,1.42849668615368,-0.152625487376796,0,0,0,0,4054.2212634354,57971.5296269809,283.720916974512,,4057.563693186,57977.1620363293
7af29626468ebb9ba224a7ecfa792e6f,1,1,4057.69479298035,57976.8725071213,6.66148579868534,4054.04956054688,57971.296875,3.64523243347003,5.57563212129753,283.182037353516,-0.974331293134774,0,0,1.15969746222336,-0.13989912307319,0,0,0,0,4054.2212634354,57971.5296269809,283.720916974512,,4057.86649586887,57977.1052591022
7af29626468ebb9ba224a7ecfa792e6f,1,1,4057.79120682197,57976.858326765,6.70295924072542,4054.04956054688,57971.296875,3.74164627508981,5.56145176500286,283.182037353516,-0.974331293134774,0,0,1.46520188776606,-0.170134627394886,0,0,0,0,4054.4397634354,57971.8529269809,283.713977322749,,4058.18140971049,57977.4143787459
7af29626468ebb9ba224a7ecfa792e6f,1,1,4058.11963734138,57976.7893766321,6.83616115170949,4054.04956054688,57971.296875,4.07007679449998,5.49250163209945,283.180938720703,-1.14697199809812,0,0,1.17588317778417,-0.151769974669093,0,0,0,0,4054.4397634354,57971.8529269809,283.713977322749,,4058.5098402299,57977.345428613
7af29626468ebb9ba224a7ecfa792e6f,1,1,4058.23294922851,57976.7715797727,6.8900749785158,4054.04956054688,57971.296875,4.18338868162982,5.47470477269962,283.180938720703,-1.14697199809812,0,0,1.48454007603193,-0.184266649087959,0,0,0,0,4054.4397634354,57971.8529269809,283.713977322749,,4058.62315211703,57977.3276317536
7af29626468ebb9ba224a7ecfa792e6f,1,1,4058.50042950695,57976.7092493794,7.00742684030424,4054.04956054688,57971.296875,4.45086896006978,5.41237437939708,283.178009033203,-1.2577170124676,0,0,1.34721349352131,-0.162775417214069,0,0,0,0,4054.4397634354,57971.8529269809,283.713977322749,,4058.89063239547,57977.2653013603
7af29626468ebb9ba224a7ecfa792e6f,1,1,4058.62457287694,57976.6891492533,7.07158818392306,4054.04956054688,57971.296875,4.57501233005996,5.39227425330319,283.178009033203,-1.2577170124676,0,0,1.67956487980258,-0.195967573113615,0,0,0,0,4054.4397634354,57971.8529269809,283.713977322749,,4059.01477576546,57977.2452012342
7af29626468ebb9ba224a7ecfa792e6f,1,1,4058.99285506385,57976.6253690008,7.26835669171621,4054.04956054688,57971.296875,4.94329451697013,5.32849400080158,283.173980712891,-1.42816793165922,0,0,1.42351731622133,-0.173812704748357,0,0,0,0,4054.8534634354,57972.4735269809,283.707603808229,,4059.79675795237,57977.8020209817
7af29626468ebb9ba224a7ecfa792e6f,1,1,4059.13377084797,57976.6022133138,7.34818406202726,4054.04956054688,57971.296875,5.08421030109002,5.30533831380308,283.173980712891,-1.42816793165922,0,0,1.76827756348175,-0.208842543398498,0,0,0,0,4054.8534634354,57972.4735269809,283.707603808229,,4059.93767373649,57977.7788652947
7af29626468ebb9ba224a7ecfa792e6f,1,1,4059.54740873191,57976.5062014203,7.57386403486576,4054.04956054688,57971.296875,5.49784818502985,5.20932642029948,283.172302246094,-1.61942123427865,0,0,1.46297693630636,-0.18700853953081,0,0,0,0,4054.8534634354,57972.4735269809,283.707603808229,,4060.35131162043,57977.6828534012
7af29626468ebb9ba224a7ecfa792e6f,1,1,4059.70697703318,57976.4785593418,7.67178036165246,4054.04956054688,57971.296875,5.65741648630001,5.18168434179825,283.172302246094,-1.61942123427865,0,0,1.81435783936498,-0.224386538727485,0,0,0,0,4055.1470634354,57972.9185269809,283.702166354672,,4060.8044799217,57978.1002113227
7af29626468ebb9ba224a7ecfa792e6f,1,1,4060.21167494862,57976.3764398339,7.98583951768954,4054.04956054688,57971.296875,6.16211440173993,5.07956483389717,283.169921875,-1.85850067171813,0,0,1.48841926538784,-0.185549885421773,0,0,0,0,4055.1470634354,57972.9185269809,283.702166354672,,4061.30917783714,57977.9980918148
7af29626468ebb9ba224a7ecfa792e6f,1,1,4060.66839640143,57976.288418989,8.29002409304047,4054.04956054688,57971.296875,6.61883585455007,4.99154398900282,283.169494628906,-2.06121492143717,0,0,1.19178043044031,-0.151068877921985,0,0,0,0,4055.5221634354,57973.4835269809,283.697712280554,,4062.14099928995,57978.4750709699
7af29626468ebb9ba224a7ecfa792e6f,1,1,4060.87136294357,57976.2524971121,8.43179568406425,4054.04956054688,57971.296875,6.82180239669015,4.95562211210199,283.169494628906,-2.06121492143717,0,0,1.50363352463183,-0.183630345288919,0,0,0,0,4055.5221634354,57973.4835269809,283.697712280554,,4062.34396583209,57978.439149093
7af29626468ebb9ba224a7ecfa792e6f,1,1,4061.07432869617,57976.2165753751,8.57617743120701,4054.04956054688,57971.296875,7.02476814929014,4.91970037510328,283.169494628906,-2.06121492143717,0,0,1.86282178698133,-0.220212292247159,0,0,0,0,4055.5221634354,57973.4835269809,283.697712280554,,4062.54693158469,57978.403227356
7af29626468ebb9ba224a7ecfa792e6f,1,1,4061.50230283397,57976.1233098439,8.87906756928972,4054.04956054688,57971.296875,7.45274228709013,4.826434843897,283.166839599609,-2.21811866348013,0,0,1.5150705579253,-0.171742896621159,0,0,0,0,4055.9750634354,57974.1570269809,283.696438244501,,4063.42780572249,57978.9834618248
7af29626468ebb9ba224a7ecfa792e6f,1,1,4061.72074315018,57976.0847208202,9.04270480174857,4054.04956054688,57971.296875,7.67118260330017,4.78784582020307,283.166839599609,-2.21811866348013,0,0,1.87669969745968,-0.206568604696425,0,0,0,0,4055.9750634354,57974.1570269809,283.696438244501,,4063.6462460387,57978.9448728011
7af29626468ebb9ba224a7ecfa792e6f,1,1,4062.21860646083,57976.0018862092,9.42711205106542,4054.04956054688,57971.296875,8.16904591394996,4.70501120919653,283.160064697266,-2.4118309514636,0,0,1.3518993809727,-0.163159241497627,0,0,0,0,4056.5223634354,57974.9483269809,283.693614654544,,4064.69140934935,57979.6533381901
7af29626468ebb9ba224a7ecfa792e6f,1,1,4062.45637269697,57975.9606362586,9.61380047662688,4054.04956054688,57971.296875,8.40681215008999,4.66376125859824,283.160064697266,-2.4118309514636,0,0,1.70194169920773,-0.198862792849733,0,0,0,0,4056.5223634354,57974.9483269809,283.693614654544,,4064.92917558549,57979.6120882395
7af29626468ebb9ba224a7ecfa792e6f,1,1,4062.79149755779,57975.9263610617,9.89209805341831,4054.04956054688,57971.296875,8.74193701091008,4.62948606169812,283.152801513672,-2.48039423195979,0,0,1.30941487063494,-0.158749601825888,0,0,0,0,4056.5223634354,57974.9483269809,283.693614654544,,4065.26430044631,57979.5778130426
7af29626468ebb9ba224a7ecfa792e6f,1,1,4063.03616080884,57975.885498828,10.0903148069295,4054.04956054688,57971.296875,8.98660026196012,4.58862382799998,283.152801513672,-2.48039423195979,0,0,1.65463419487839,-0.193122254786919,0,0,0,0,4056.5223634354,57974.9483269809,283.693614654544,,4065.50896369736,57979.5369508089
7af29626468ebb9ba224a7ecfa792e6f,1,1,4063.34798241524,57975.817818904,10.3392254557505,4054.04956054688,57971.296875,9.29842186836004,4.52094390399725,283.146545410156,-2.53295969400522,0,0,1.28510760170369,-0.170809570286624,0,0,0,0,4056.5223634354,57974.9483269809,283.693614654544,,4065.82078530376,57979.4692708849
7af29626468ebb9ba224a7ecfa792e6f,1,1,4063.5975820082,57975.7744336607,10.5457690751145,4054.04956054688,57971.296875,9.54802146131988,4.47755866069929,283.146545410156,-2.53295969400522,0,0,1.624951952486,-0.20721013094405,0,0,0,0,4057.8593634354,57976.8196269809,283.68798437151,,4067.40738489672,57981.2971856416
7af29626468ebb9ba224a7ecfa792e6f,1,1,4063.95659030747,57975.8075322486,10.8855531550551,4054.04956054688,57971.296875,9.90702976058992,4.51065724859654,283.149993896484,-2.60408227013095,0,0,1.27155455928801,-0.167623326003476,0,0,0,0,4057.8593634354,57976.8196269809,283.68798437151,,4067.76639319599,57981.3302842295
7af29626468ebb9ba224a7ecfa792e6f,1,1,4064.21396597979,57975.7677376712,11.1042222073144,4054.04956054688,57971.296875,10.1644054329099,4.47086267120176,283.149993896484,-2.60408227013095,0,0,1.60725705560363,-0.200963227526489,0,0,0,0,4057.8593634354,57976.8196269809,283.68798437151,,4068.02376886831,57981.2904896521
7af29626468ebb9ba224a7ecfa792e6f,1,1,4064.47530284732,57975.7562489613,11.3394055682903,4054.04956054688,57971.296875,10.4257423004401,4.45937396129739,283.146728515625,-2.60428661593819,0,0,1.25628076479808,-0.16890810129573,0,0,0,0,4058.6362634354,57977.8666269809,283.6880750778,,4069.06200573584,57982.3260009422
7af29626468ebb9ba224a7ecfa792e6f,1,1,4064.73272889222,57975.7168282641,11.5614044454548,4054.04956054688,57971.296875,10.6831683453402,4.4199532640996,283.146728515625,-2.60428661593819,0,0,1.58683946506525,-0.201919273489619,0,0,0,0,4058.6362634354,57977.8666269809,283.6880750778,,4069.31943178074,57982.286580245
7af29626468ebb9ba224a7ecfa792e6f,1,1,4064.88726153742,57975.6752665829,11.6887157384066,4054.04956054688,57971.296875,10.8377009905398,4.37839158289717,283.149383544922,-2.52910560300837,0,0,1.24258034929856,-0.170859325742549,0,0,0,0,4059.4924634354,57978.9824269809,283.685667592756,,4070.33016442594,57983.3608185638
7af29626468ebb9ba224a7ecfa792e6f,1,1,4065.13686011299,57975.6346174953,11.9056382283399,4054.04956054688,57971.296875,11.0872995661098,4.33774249529961,283.149383544922,-2.52910560300837,0,0,1.56844185568196,-0.204938188742068,0,0,0,0,4059.4924634354,57978.9824269809,283.685667592756,,4070.57976300151,57983.3201694762
7af29626468ebb9ba224a7ecfa792e6f,1,1,4065.24873147501,57975.5933904556,11.9950604224517,4054.04956054688,57971.296875,11.1991709281301,4.29651545560046,283.151214599609,-2.42893803096134,0,0,1.22650760326333,-0.180560854809397,0,0,0,0,4059.4924634354,57978.9824269809,283.685667592756,,4070.69163436353,57983.2789424365
7af29626468ebb9ba224a7ecfa792e6f,1,1,4065.48797649079,57975.5514468124,12.2040460755106,4054.04956054688,57971.296875,11.4384159439101,4.25457181240199,283.151214599609,-2.42893803096134,0,0,1.54798619388502,-0.217063569387962,0,0,0,0,4059.4924634354,57978.9824269809,283.685667592756,,4070.93087937931,57983.2369987933
7af29626468ebb9ba224a7ecfa792e6f,1,1,4065.4949037342,57975.4760821941,12.1844841272193,4054.04956054688,57971.296875,11.4453431873199,4.17920719410176,283.140472412109,-2.26378852545578,0,0,1.22126215565383,-0.175803745938095,0,0,0,0,4059.4924634354,57978.9824269809,283.685667592756,,4070.93780662272,57983.161634175
7af29626468ebb9ba224a7ecfa792e6f,1,1,4065.71714070043,57975.4327375733,12.3789250690464,4054.04956054688,57971.296875,11.6675801535498,4.13586257329735,283.140472412109,-2.26378852545578,0,0,1.54043095694221,-0.213616608285875,0,0,0,0,4059.4924634354,57978.9824269809,283.685667592756,,4071.16004358895,57983.1182895542
7af29626468ebb9ba224a7ecfa792e6f,1,1,4065.75461562933,57975.4585176138,12.4228653590216,4054.04956054688,57971.296875,11.7050550824501,4.1616426137989,283.139373779297,-2.12213282002836,0,0,1.21314308454698,-0.182453185334281,0,0,0,0,4059.4924634354,57978.9824269809,283.685667592756,,4071.19751851785,57983.1440695947
7af29626468ebb9ba224a7ecfa792e6f,1,1,4065.96304803988,57975.418634496,12.6063510021155,4054.04956054688,57971.296875,11.913487493,4.12175949600351,283.139373779297,-2.12213282002836,0,0,1.53068747400428,-0.220887387502344,0,0,0,0,4059.4924634354,57978.9824269809,283.685667592756,,4071.4059509284,57983.1041864769
7af29626468ebb9ba224a7ecfa792e6f,1,1,4065.92918099312,57975.4114608682,12.5720005891396,4054.04956054688,57971.296875,11.8796204462401,4.11458586819936,283.137115478516,-1.94390136125326,0,0,1.20688292847082,-0.18968108991252,0,0,0,0,4059.4924634354,57978.9824269809,283.685667592756,,4071.37208388164,57983.0970128491
7af29626468ebb9ba224a7ecfa792e6f,1,1,4066.11981941809,57975.3733721112,12.7400540781998,4054.04956054688,57971.296875,12.0702588712102,4.0764971112003,283.137115478516,-1.94390136125326,0,0,1.52297843510178,-0.23004308562185,0,0,0,0,4059.4924634354,57978.9824269809,283.685667592756,,4071.56272230661,57983.0589240921
7af29626468ebb9ba224a7ecfa792e6f,1,1,4065.90270063875,57975.2390250133,12.4914961779913,4054.04956054688,57971.296875,11.85314009187,3.94215001330303,283.123901367187,-1.66487968752293,0,0,1.18146525620835,-0.226778972468443,0,0,0,0,4063.5804634354,57983.9156269809,283.664440806114,,4075.43360352727,57987.8577769942
7af29626468ebb9ba224a7ecfa792e6f,1,1,4066.06405146754,57975.1979782298,12.6319673247064,4054.04956054688,57971.296875,12.0144909206601,3.90110322980036,283.123901367187,-1.66487968752293,0,0,1.49137216900089,-0.277329105360687,0,0,0,0,4063.5804634354,57983.9156269809,283.664440806114,,4075.59495435606,57987.8167302107
7af29626468ebb9ba224a7ecfa792e6f,1,1,4065.90451383654,57975.1327917982,12.4601033375785,4054.04956054688,57971.296875,11.85495328966,3.83591679819801,283.1162109375,-1.44123639658105,0,0,1.16928040834797,-0.250582264368374,0,0,0,0,4063.5804634354,57983.9156269809,283.664440806114,,4075.43541672506,57987.7515437791
7af29626468ebb9ba224a7ecfa792e6f,1,1,4066.04301889698,57975.0929234709,12.579865944786,4054.04956054688,57971.296875,11.9934583500999,3.79604847089649,283.1162109375,-1.44123639658105,0,0,1.47608591982036,-0.307217204764327,0,0,0,0,4063.5804634354,57983.9156269809,283.664440806114,,4075.5739217855,57987.7116754518
7af29626468ebb9ba224a7ecfa792e6f,1,1,4065.86674191005,57975.0819862356,12.4085793883071,4054.04956054688,57971.296875,11.8171813631702,3.7851112356002,283.110595703125,-1.21466261343816,0,0,1.17034479300895,-0.25275796846776,0,0,0,0,4063.5804634354,57983.9156269809,283.664440806114,,4075.39764479857,57987.7007382165
7af29626468ebb9ba224a7ecfa792e6f,1,1,4065.98304369539,57975.0469453387,12.5088387790751,4054.04956054688,57971.296875,11.9334831485098,3.7500703386977,283.110595703125,-1.21466261343816,0,0,1.47659478805939,-0.311233942669766,0,0,0,0,4063.5804634354,57983.9156269809,283.664440806114,,4075.51394658391,57987.6656973196
7af29626468ebb9ba224a7ecfa792e6f,1,1,4065.78529861047,57975.0343753587,12.3165115527352,4054.04956054688,57971.296875,11.7357380635899,3.73750035870034,283.10693359375,-0.991855937428914,0,0,1.16961505554212,-0.254217864496841,0,0,0,0,4063.5804634354,57983.9156269809,283.664440806114,,4075.31620149899,57987.6531273396
7af29626468ebb9ba224a7ecfa792e6f,1,1,4065.87999422753,57975.0048575491,12.397914972149,4054.04956054688,57971.296875,11.83043368065,3.70798254910187,283.10693359375,-0.991855937428914,0,0,1.47493891010017,-0.314351472259682,0,0,0,0,4063.5804634354,57983.9156269809,283.664440806114,,4075.41089711605,57987.62360953
7af29626468ebb9ba224a7ecfa792e6f,1,1,4065.77831444949,57974.974319896,12.2917561426695,4054.04956054688,57971.296875,11.7287539026102,3.67744489599863,283.101104736328,-0.863136957506455,0,0,1.32425257710083,-0.288209245160009,0,0,0,0,4067.1554634354,57987.8581269809,283.632447754615,,4078.88421733801,57991.5355718769
7af29626468ebb9ba224a7ecfa792e6f,1,1,4065.86050142822,57974.9479390567,12.3623862279462,4054.04956054688,57971.296875,11.8109408813398,3.6510640566994,283.101104736328,-0.863136957506455,0,0,1.65054810968417,-0.351451786380223,0,0,0,0,4067.1554634354,57987.8581269809,283.632447754615,,4078.96640431674,57991.5091910376
7af29626468ebb9ba224a7ecfa792e6f,1,1,4065.75735021854,57974.9172740956,12.2547798269525,4054.04956054688,57971.296875,11.7077896716601,3.62039909559826,283.095916748047,-0.744534990619197,0,0,1.38428072491226,-0.316216325107359,0,0,0,0,4068.4423634354,57989.2106269809,283.625662047296,,4080.15015310706,57992.8310260765
7af29626468ebb9ba224a7ecfa792e6f,1,1,4065.60249680679,57974.8938473054,12.0999399168488,4054.04956054688,57971.296875,11.55293625991,3.59697230540041,283.082092285156,-0.590599503954308,0,0,1.12035096869654,-0.262684677683309,0,0,0,0,4068.4423634354,57989.2106269809,283.625662047296,,4079.99529969531,57992.8075992863
7af29626468ebb9ba224a7ecfa792e6f,1,1,4065.65850842132,57974.8751031786,12.1478964289876,4054.04956054688,57971.296875,11.6089478744402,3.57822817860142,283.082092285156,-0.590599503954308,0,0,1.41447043180049,-0.325246574556896,0,0,0,0,4068.4423634354,57989.2106269809,283.625662047296,,4080.05131130984,57992.7888551595
7af29626468ebb9ba224a7ecfa792e6f,1,1,4065.50635561718,57974.8584685925,11.9976290241377,4054.04956054688,57971.296875,11.4567950702999,3.56159359250159,283.073699951172,-0.449582333828898,0,0,1.13375842576687,-0.268254463692621,0,0,0,0,4069.7377634354,57990.5424269809,283.614297765484,,4081.1945585057,57994.1040205734
7af29626468ebb9ba224a7ecfa792e6f,1,1,4065.54899549264,57974.8442143914,12.0341439591621,4054.04956054688,57971.296875,11.4994349457602,3.54733939139987,283.073699951172,-0.449582333828898,0,0,1.43006232990616,-0.331974289503687,0,0,0,0,4069.7377634354,57990.5424269809,283.614297765484,,4081.23719838116,57994.0897663723
7af29626468ebb9ba224a7ecfa792e6f,1,1,4065.39940530888,57974.8511250415,11.8933455965698,4054.04956054688,57971.296875,11.349844762,3.55425004150311,283.078277587891,-0.314476634818312,0,0,1.1406349531126,-0.275539163209703,0,0,0,0,4071.0818634354,57991.8810269809,283.608976819126,,4082.4317081974,57995.4352770224
7af29626468ebb9ba224a7ecfa792e6f,1,1,4065.42925536727,57974.8412093588,11.9188825085455,4054.04956054688,57971.296875,11.3796948203899,3.54433435879764,283.078277587891,-0.314476634818312,0,0,1.43873344668067,-0.340246083825642,0,0,0,0,4071.0818634354,57991.8810269809,283.608976819126,,4082.46155825579,57995.4253613397
7af29626468ebb9ba224a7ecfa792e6f,1,1,4065.27012217673,57974.8392978487,11.7664677337101,4054.04956054688,57971.296875,11.2205616298502,3.5424228487027,283.081390380859,-0.185218766793393,0,0,1.14593254590045,-0.277370186653233,0,0,0,0,4071.0818634354,57991.8810269809,283.608976819126,,4082.30242506525,57995.4234498296
7af29626468ebb9ba224a7ecfa792e6f,1,1,4065.28772016566,57974.8335162026,11.7815135960148,4054.04956054688,57971.296875,11.2381596187802,3.53664120259782,283.081390380859,-0.185218766793393,0,0,1.4454314696694,-0.342228446741438,0,0,0,0,4072.4214634354,57993.1732269809,283.599594682687,,4083.65962305418,57996.7098681835
7af29626468ebb9ba224a7ecfa792e6f,1,1,4065.08109702326,57974.8014027064,11.5748223085499,4054.04956054688,57971.296875,11.0315364763801,3.50452770639822,283.073669433594,-0.041329622384015,0,0,1.15145764055921,-0.269557108587194,0,0,0,0,4072.4214634354,57993.1732269809,283.599594682687,,4083.45299991178,57996.6777546873
7af29626468ebb9ba224a7ecfa792e6f,1,1,4065.08503338014,57974.8001441694,11.5781931028495,4054.04956054688,57971.296875,11.03547283326,3.50326916939957,283.073669433594,-0.041329622384015,0,0,1.4522815485245,-0.333058152698959,0,0,0,0,4072.4214634354,57993.1732269809,283.599594682687,,4083.45693626866,57996.6764961503
7af29626468ebb9ba224a7ecfa792e6f,1,1,4064.85050104301,57974.8003678519,11.3549450797518,4054.04956054688,57971.296875,10.8009404961299,3.50349285190168,283.066741943359,0.120435099596503,0,0,1.15879238107571,-0.261934515842349,0,0,0,0,4072.4214634354,57993.1732269809,283.599594682687,,4083.22240393153,57996.6767198328
7af29626468ebb9ba224a7ecfa792e6f,1,1,4064.83898613137,57974.8038936924,11.3450819544059,4054.04956054688,57971.296875,10.7894255844899,3.50701869239856,283.066741943359,0.120435099596503,0,0,1.46167503728726,-0.323535046894623,0,0,0,0,4072.4214634354,57993.1732269809,283.599594682687,,4083.21088901989,57996.6802456733
7af29626468ebb9ba224a7ecfa792e6f,1,1,4064.64433438171,57974.8180713683,11.164589400222,4054.04956054688,57971.296875,10.59477383483,3.52119636830321,283.060974121094,0.247974755017698,0,0,1.16681698510691,-0.256350325325501,0,0,0,0,4072.4214634354,57993.1732269809,283.599594682687,,4083.01623727023,57996.6944233492
7af29626468ebb9ba224a7ecfa792e6f,1,1,4064.62053468992,57974.8250328107,11.1442088938804,4054.04956054688,57971.296875,10.5709741430401,3.5281578107024,283.060974121094,0.247974755017698,0,0,1.4719876135295,-0.316055005144401,0,0,0,0,4072.4214634354,57993.1732269809,283.599594682687,,4082.99243757844,57996.7013847916
7af29626468ebb9ba224a7ecfa792e6f,1,1,4064.49045384837,57974.8394514111,11.0255204213481,4054.04956054688,57971.296875,10.4408933014902,3.54257641109871,283.057159423828,0.319433040417029,0,0,1.33296838963461,-0.273021246762014,0,0,0,0,4076.6036634354,57996.8620269809,283.572539319533,,4087.04455673689,58000.404603392
7af29626468ebb9ba224a7ecfa792e6f,1,1,4064.45969983223,57974.8481070887,10.9991931198646,4054.04956054688,57971.296875,10.4101392853499,3.55123208869918,283.057159423828,0.319433040417029,0,0,1.66189212471494,-0.331749267136339,0,0,0,0,4076.6036634354,57996.8620269809,283.572539319533,,4087.01380272075,58000.4132590696
7af29626468ebb9ba224a7ecfa792e6f,1,1,4064.40189075852,57974.92938554,10.9711382105184,4054.04956054688,57971.296875,10.35233021164,3.63251054000284,283.057525634766,0.352716120681711,0,0,1.25585784463289,-0.261950152518064,0,0,0,0,4076.6036634354,57996.8620269809,283.572539319533,,4086.95599364704,58000.4945375209
7af29626468ebb9ba224a7ecfa792e6f,1,1,4064.36785264547,57974.9386440879,10.9421037246686,4054.04956054688,57971.296875,10.3182920985901,3.6417690879025,283.057525634766,0.352716120681711,0,0,1.58522632075156,-0.323946132039169,0,0,0,0,4078.0190634354,57998.0094269809,283.56080094766,,4088.33735553399,58001.6511960688
7af29626468ebb9ba224a7ecfa792e6f,1,1,4064.32736257011,57974.9623107664,10.9118574856067,4054.04956054688,57971.296875,10.2778020232299,3.66543576640106,283.065765380859,0.360183753284784,0,0,1.42413415931042,-0.280118545712253,0,0,0,0,4078.0190634354,57998.0094269809,283.56080094766,,4088.29686545863,58001.6748627473
7af29626468ebb9ba224a7ecfa792e6f,1,1,4064.29253724799,57974.9715058334,10.8821635468751,4054.04956054688,57971.296875,10.2429767011099,3.6746308333968,283.065765380859,0.360183753284784,0,0,1.77981816503239,-0.342188184374111,0,0,0,0,4079.4902634354,57999.1547269809,283.549551344589,,4089.73324013651,58002.8293578143
7af29626468ebb9ba224a7ecfa792e6f,1,1,4064.25780663165,57974.9860495361,10.8544137052671,4054.04956054688,57971.296875,10.2082460847701,3.68917453609902,283.065948486328,0.361295816014783,0,0,1.49526539818017,-0.29278394014247,0,0,0,0,4079.4902634354,57999.1547269809,283.549551344589,,4089.69850952017,58002.843901517
7af29626468ebb9ba224a7ecfa792e6f,1,1,4064.22281535807,57974.9950487148,10.8245832380938,4054.04956054688,57971.296875,10.17325481119,3.69817371480167,283.065948486328,0.361295816014783,0,0,1.86106079658046,-0.35600568155888,0,0,0,0,4079.4902634354,57999.1547269809,283.549551344589,,4089.66351824659,58002.8529006957
7af29626468ebb9ba224a7ecfa792e6f,1,1,4064.18570249891,57974.9918134447,10.7886024943883,4054.04956054688,57971.296875,10.1361419520299,3.6949384446998,283.070953369141,0.360454719453335,0,0,1.35042485640837,-0.270208791898247,0,0,0,0,4080.9887634354,58000.2774269809,283.541200080133,,4091.12490538743,58003.9723654256
7af29626468ebb9ba224a7ecfa792e6f,1,1,4064.15071701464,57975.0004988515,10.7587263010037,4054.04956054688,57971.296875,10.1011564677601,3.70362385149929,283.070953369141,0.360454719453335,0,0,1.70292968063913,-0.333014921058711,0,0,0,0,4080.9887634354,58000.2774269809,283.541200080133,,4091.08991990316,58003.9810508324
7af29626468ebb9ba224a7ecfa792e6f,1,1,4064.11598893963,57975.0005373017,10.7261407333395,4054.04956054688,57971.296875,10.0664283927499,3.70366230169748,283.073516845703,0.358640765990174,0,0,1.30819650520305,-0.254513024958606,0,0,0,0,4080.9887634354,58000.2774269809,283.541200080133,,4091.05519182815,58003.9810892826
7af29626468ebb9ba224a7ecfa792e6f,1,1,4064.08112049488,57975.0089254367,10.6963317747387,4054.04956054688,57971.296875,10.031559948,3.71205043669761,283.073516845703,0.358640765990174,0,0,1.6532869257972,-0.313652960257199,0,0,0,0,4080.9887634354,58000.2774269809,283.541200080133,,4091.0203233834,58003.9894774176
7af29626468ebb9ba224a7ecfa792e6f,1,1,4064.01362969363,57975.008725702,10.6329915637869,4054.04956054688,57971.296875,9.96406914674981,3.71185070199863,283.071105957031,0.380703623835423,0,0,1.28400420172148,-0.247842770263404,0,0,0,0,4080.9887634354,58000.2774269809,283.541200080133,,4090.95283258215,58003.9892776829
7af29626468ebb9ba224a7ecfa792e6f,1,1,4063.97656691742,57975.0174775875,10.6013366654812,4054.04956054688,57971.296875,9.92700637053986,3.72060258749843,283.071105957031,0.380703623835423,0,0,1.62250450648009,-0.304533547644447,0,0,0,0,4084.1582634354,58002.5085269809,283.531212530799,,4094.08526980594,58006.2291295684
7af29626468ebb9ba224a7ecfa792e6f,1,1,4063.8836071805,57975.0201945824,10.5153022735971,4054.04956054688,57971.296875,9.83404663361989,3.72331958240102,283.068725585938,0.420304019321372,0,0,1.26304380003026,-0.244522949543986,0,0,0,0,4084.1582634354,58002.5085269809,283.531212530799,,4093.99231006902,58006.2318465633
7af29626468ebb9ba224a7ecfa792e6f,1,1,4063.84268574021,57975.0297979884,10.4804587251491,4054.04956054688,57971.296875,9.79312519333007,3.73292298839806,283.068725585938,0.420304019321372,0,0,1.59476862277225,-0.299431132059333,0,0,0,0,4085.8206634354,58003.6065269809,283.532261188268,,4095.61378862873,58007.3394499693
7af29626468ebb9ba224a7ecfa792e6f,1,1,4063.72714092631,57975.0315299454,10.3731966896348,4054.04956054688,57971.296875,9.67758037942986,3.73465494540142,283.067352294922,0.473062514433685,0,0,1.24641842758243,-0.238541105881614,0,0,0,0,4085.8206634354,58003.6065269809,283.532261188268,,4095.49824381483,58007.3411819263
7af29626468ebb9ba224a7ecfa792e6f,1,1,4063.68106088246,57975.0422212643,10.3340900592991,4054.04956054688,57971.296875,9.63150033557986,3.7453462643025,283.067352294922,0.473062514433685,0,0,1.57259098447526,-0.29147946669702,0,0,0,0,4085.8206634354,58003.6065269809,283.532261188268,,4095.45216377098,58007.3518732452
7af29626468ebb9ba224a7ecfa792e6f,1,1,4063.58222831418,57975.0567338571,10.2473554338123,4054.04956054688,57971.296875,9.53266776730015,3.75985885709815,283.059448242187,0.510191086498757,0,0,1.4037615626198,-0.253018343245085,0,0,0,0,4085.8206634354,58003.6065269809,283.532261188268,,4095.3533312027,58007.366385838
7af29626468ebb9ba224a7ecfa792e6f,1,1,4063.5325260774,57975.0682613612,10.2053902590131,4054.04956054688,57971.296875,9.48296553051978,3.77138636120071,283.059448242187,0.510191086498757,0,0,1.74939229573339,-0.305613362265057,0,0,0,0,4085.8206634354,58003.6065269809,283.532261188268,,4095.30362896592,58007.3779133421
7af29626468ebb9ba224a7ecfa792e6f,1,1,4063.40689938169,57975.0741994783,10.0909846042755,4054.04956054688,57971.296875,9.35733883480998,3.77732447830203,283.056884765625,0.561018322854877,0,0,1.46180972084533,-0.262158714970404,0,0,0,0,4085.8206634354,58003.6065269809,283.532261188268,,4095.17800227021,58007.3838514592
7af29626468ebb9ba224a7ecfa792e6f,1,1,4063.29979099149,57975.0794620275,9.99373443210354,4054.04956054688,57971.296875,9.25023044461022,3.78258702749736,283.052459716797,0.597658734552652,0,0,1.17803441797351,-0.2171823572943,0,0,0,0,4085.8206634354,58003.6065269809,283.532261188268,,4095.07089388001,58007.3891140084
7af29626468ebb9ba224a7ecfa792e6f,1,1,4063.24150205174,57975.092681169,9.94484454886077,4054.04956054688,57971.296875,9.1919415048601,3.79580616900057,283.052459716797,0.597658734552652,0,0,1.48738368035096,-0.264854137818211,0,0,0,0,4085.8206634354,58003.6065269809,283.532261188268,,4095.01260494026,58007.4023331499
7af29626468ebb9ba224a7ecfa792e6f,1,1,4063.08997772665,57975.0419430427,9.78543189792347,4054.04956054688,57971.296875,9.04041717976997,3.74506804269913,283.038635253906,0.654452070854107,0,0,1.19203124904619,-0.207096736082494,0,0,0,0,4085.8206634354,58003.6065269809,283.532261188268,,4094.86108061517,58007.3515950236
7af29626468ebb9ba224a7ecfa792e6f,1,1,4063.02595270757,57975.055517117,9.73154698832809,4054.04956054688,57971.296875,8.97639216069001,3.75864211699809,283.038635253906,0.654452070854107,0,0,1.50363447613128,-0.252114436028559,0,0,0,0,4085.8206634354,58003.6065269809,283.532261188268,,4094.79705559609,58007.3651690979
7af29626468ebb9ba224a7ecfa792e6f,1,1,4062.969561785,57975.0791765153,9.68876807654408,4054.04956054688,57971.296875,8.92000123812022,3.78230151529715,283.036010742188,0.650494151437133,0,0,1.19462850532264,-0.210985006856263,0,0,0,0,4092.5266634354,58007.5505269809,283.508785263063,,4101.44666467352,58011.3328284962
7af29626468ebb9ba224a7ecfa792e6f,1,1,4062.90597667493,57975.0929024882,9.63565936117054,4054.04956054688,57971.296875,8.85641612805011,3.79602748819889,283.036010742188,0.650494151437133,0,0,1.50658992404851,-0.256865387459606,0,0,0,0,4092.5266634354,58007.5505269809,283.508785263063,,4101.38307956345,58011.3465544691
7af29626468ebb9ba224a7ecfa792e6f,1,1,4062.88119898812,57975.0919058354,9.61249689719045,4054.04956054688,57971.296875,8.8316384412401,3.79503083539748,283.040313720703,0.620813651954056,0,0,1.19943720024657,-0.207890927585512,0,0,0,0,4092.5266634354,58007.5505269809,283.508785263063,,4101.35830187664,58011.3455578163
7af29626468ebb9ba224a7ecfa792e6f,1,1,4062.82048676939,57975.1048769056,9.56190489985052,4054.04956054688,57971.296875,8.77092622250984,3.80800190559967,283.040313720703,0.620813651954056,0,0,1.51245039840507,-0.253402177520836,0,0,0,0,4094.2042634354,58008.4133269809,283.502955955848,,4102.97518965791,58012.2213288865
7af29626468ebb9ba224a7ecfa792e6f,1,1,4062.80069017201,57975.0980571372,9.54103009931525,4054.04956054688,57971.296875,8.75112962513003,3.80118213719834,283.044372558594,0.588906050062554,0,0,1.19737046494892,-0.207627661734664,0,0,0,0,4094.2042634354,58008.4133269809,283.502955955848,,4102.95539306053,58012.2145091181
7af29626468ebb9ba224a7ecfa792e6f,1,1,4062.74308627272,57975.1102956455,9.49313260022041,4054.04956054688,57971.296875,8.69352572584012,3.81342064549972,283.044372558594,0.588906050062554,0,0,1.51058423887702,-0.253185937181684,0,0,0,0,4094.2042634354,58008.4133269809,283.502955955848,,4102.89778916124,58012.2267476264
7af29626468ebb9ba224a7ecfa792e6f,1,1,4062.72971366943,57975.0944953858,9.47454372652345,4054.04956054688,57971.296875,8.68015312255011,3.79762038579793,283.047027587891,0.553462729073027,0,0,1.19989880852893,-0.212613962982278,0,0,0,0,4094.2042634354,58008.4133269809,283.502955955848,,4102.88441655795,58012.2109473667
7af29626468ebb9ba224a7ecfa792e6f,1,1,4062.67559469842,57975.1060911406,9.42966557143181,4054.04956054688,57971.296875,8.6260341515399,3.80921614060208,283.047027587891,0.553462729073027,0,0,1.51374758978308,-0.258869085814081,0,0,0,0,4094.2042634354,58008.4133269809,283.502955955848,,4102.83029758694,58012.2225431215
7af29626468ebb9ba224a7ecfa792e6f,1,1,4062.65812817466,57975.1181248569,9.41856608360809,4054.04956054688,57971.296875,8.60856762777985,3.82124985689734,283.049987792969,0.528406054173889,0,0,1.36665316873922,-0.227171434705338,0,0,0,0,4094.2042634354,58008.4133269809,283.502955955848,,4102.81283106318,58012.2345768378
7af29626468ebb9ba224a7ecfa792e6f,1,1,4062.6064761146,57975.1292827545,9.37593479234151,4054.04956054688,57971.296875,8.5569155677199,3.83240775449667,283.049987792969,0.528406054173889,0,0,1.70304250459995,-0.274044486859146,0,0,0,0,4094.2042634354,58008.4133269809,283.502955955848,,4102.76117900312,58012.2457347354
7af29626468ebb9ba224a7ecfa792e6f,1,1,4062.60651113583,57975.1354709999,9.37849788785436,4054.04956054688,57971.296875,8.5569505889498,3.83859599989955,283.055541992187,0.492837940005841,0,0,1.43747056702862,-0.239747576792291,0,0,0,0,4099.3144634354,58010.7429269809,283.486005324706,,4107.87141402435,58014.5815229808
7af29626468ebb9ba224a7ecfa792e6f,1,1,4062.62415897374,57975.1460759865,9.39894070714405,4054.04956054688,57971.296875,8.57459842686012,3.84920098650036,283.060882568359,0.445695925194641,0,0,1.16729161565067,-0.203594882602851,0,0,0,0,4099.3144634354,58010.7429269809,283.486005324706,,4107.88906186226,58014.5921279674
7af29626468ebb9ba224a7ecfa792e6f,1,1,4062.58061465479,57975.1555800487,9.36314524318429,4054.04956054688,57971.296875,8.53105410791022,3.85870504869672,283.060882568359,0.445695925194641,0,0,1.47376746538607,-0.248777544018868,0,0,0,0,4099.3144634354,58010.7429269809,283.486005324706,,4107.84551754331,58014.6016320296
7af29626468ebb9ba224a7ecfa792e6f,1,1,4062.59926845055,57975.1585476404,9.38136561592502,4054.04956054688,57971.296875,8.54970790366997,3.86167264039977,283.066223144531,0.400478351717173,0,0,1.18325929095505,-0.208266117346832,0,0,0,0,4101.0074634354,58011.4189269809,283.480533119324,,4109.55717133907,58015.2805996213
7af29626468ebb9ba224a7ecfa792e6f,1,1,4062.56015159373,57975.1671333816,9.34928125083722,4054.04956054688,57971.296875,8.5105910468501,3.87025838159752,283.066223144531,0.400478351717173,0,0,1.49249380992038,-0.254368727056669,0,0,0,0,4101.0074634354,58011.4189269809,283.480533119324,,4109.51805448225,58015.2891853625
7af29626468ebb9ba224a7ecfa792e6f,1,1,4062.59422320606,57975.1865700118,9.38834315754256,4054.04956054688,57971.296875,8.54466265918018,3.88969501179963,283.071990966797,0.350212408453988,0,0,1.19361339695758,-0.207891221456275,0,0,0,0,4101.0074634354,58011.4189269809,283.480533119324,,4109.55212609458,58015.3086219927
7af29626468ebb9ba224a7ecfa792e6f,1,1,4062.56003688329,57975.1940794697,9.36036378304414,4054.04956054688,57971.296875,8.51047633641019,3.89720446970023,283.071990966797,0.350212408453988,0,0,1.50460662364671,-0.254265960910003,0,0,0,0,4101.0074634354,58011.4189269809,283.480533119324,,4109.51793977181,58015.3161314506
7af29626468ebb9ba224a7ecfa792e6f,1,1,4062.61898300332,57975.1914597708,9.41290559676231,4054.04956054688,57971.296875,8.56942245643995,3.89458477080188,283.072784423828,0.282761908962794,0,0,1.19675154159277,-0.213933631235408,0,0,0,0,4101.0074634354,58011.4189269809,283.480533119324,,4109.57688589184,58015.3135117517
7af29626468ebb9ba224a7ecfa792e6f,1,1,4062.59138456356,57975.1976014568,9.39033675766948,4054.04956054688,57971.296875,8.54182401668004,3.90072645679902,283.072784423828,0.282761908962794,0,0,1.50885260825103,-0.261418281301493,0,0,0,0,4104.4167634354,58012.6544269809,283.472146656252,,4112.95858745208,58016.5551534377
7af29626468ebb9ba224a7ecfa792e6f,1,1,4062.65873344851,57975.1899909136,9.44850303312399,4054.04956054688,57971.296875,8.60917290162979,3.89311591359728,283.075469970703,0.2134501020687,0,0,1.20248006446317,-0.211827522608812,0,0,0,0,4104.4167634354,58012.6544269809,283.472146656252,,4113.02593633703,58016.5475428945
7af29626468ebb9ba224a7ecfa792e6f,1,1,4062.63789047392,57975.1945924324,9.43141623078303,4054.04956054688,57971.296875,8.58832992703992,3.89771743240271,283.075469970703,0.2134501020687,0,0,1.51590030195131,-0.25914423924938,0,0,0,0,4106.1298634354,58013.2233269809,283.469110758973,,4114.71819336244,58017.1210444133
7af29626468ebb9ba224a7ecfa792e6f,1,1,4062.69442753417,57975.1896252619,9.48088760769941,4054.04956054688,57971.296875,8.64486698728979,3.89275026189716,283.077728271484,0.159442510158407,0,0,1.36840414031675,-0.227519918671807,0,0,0,0,4106.1298634354,58013.2233269809,283.469110758973,,4114.77473042269,58017.1160772428
7af29626468ebb9ba224a7ecfa792e6f,1,1,4062.67885353888,57975.1930460012,9.46809621902513,4054.04956054688,57971.296875,8.62929299200005,3.89617100120086,283.077728271484,0.159442510158407,0,0,1.70446428147882,-0.275201003114335,0,0,0,0,4106.1298634354,58013.2233269809,283.469110758973,,4114.7591564274,58017.1194979821
7af29626468ebb9ba224a7ecfa792e6f,1,1,4062.76716902551,57975.1729611253,9.54047908844747,4054.04956054688,57971.296875,8.71760847863015,3.87608612530312,283.080627441406,0.086232769361618,0,0,1.43842038285715,-0.241036364705246,0,0,0,0,4107.8251634354,58013.7518269809,283.465096102802,,4116.54277191403,58017.6279131062
7af29626468ebb9ba224a7ecfa792e6f,1,1,4062.85067965457,57975.150691602,9.60789258627714,4054.04956054688,57971.296875,8.80111910768983,3.85381660200073,283.077362060547,0.016832084446813,0,0,1.16907718820276,-0.202210266423784,0,0,0,0,4107.8251634354,58013.7518269809,283.465096102802,,4116.62628254309,58017.6056435829
7af29626468ebb9ba224a7ecfa792e6f,1,1,4062.84903463015,57975.1510487643,9.60652900623012,4054.04956054688,57971.296875,8.79947408327007,3.85417376430269,283.077362060547,0.016832084446813,0,0,1.47576245931323,-0.24744055400408,0,0,0,0,4107.8251634354,58013.7518269809,283.465096102802,,4116.62463751867,58017.6060007452
7af29626468ebb9ba224a7ecfa792e6f,1,1,4062.93149692536,57975.1273603192,9.67271480052329,4054.04956054688,57971.296875,8.88193637848008,3.83048531920213,283.078155517578,-0.046583906919106,0,0,1.1861482455085,-0.204408944126216,0,0,0,0,4107.8251634354,58013.7518269809,283.465096102802,,4116.70709981388,58017.5823123001
7af29626468ebb9ba224a7ecfa792e6f,1,1,4062.93605064584,57975.1263784337,9.67650778059785,4054.04956054688,57971.296875,8.88649009896017,3.82950343369885,283.078155517578,-0.046583906919106,0,0,1.49586548080453,-0.249980335159057,0,0,0,0,4107.8251634354,58013.7518269809,283.465096102802,,4116.71165353436,58017.5813304146
7af29626468ebb9ba224a7ecfa792e6f,1,1,4062.98944222942,57975.1139523708,9.72067714475462,4054.04956054688,57971.296875,8.93988168254009,3.81707737079705,283.076629638672,-0.082914679442243,0,0,1.19614517688703,-0.205005586203826,0,0,0,0,4111.4128634354,58014.7685269809,283.45093284408,,4120.35274511794,58018.5856043517
7af29626468ebb9ba224a7ecfa792e6f,1,1,4062.99755023099,57975.112216245,9.72745332563452,4054.04956054688,57971.296875,8.94798968410987,3.8153412449974,283.076629638672,-0.082914679442243,0,0,1.50792598890905,-0.250681243398471,0,0,0,0,4111.4128634354,58014.7685269809,283.45093284408,,4120.36085311951,58018.5838682259
7af29626468ebb9ba224a7ecfa792e6f,1,1,4063.00933847512,57975.1030679074,9.7347175085595,4054.04956054688,57971.296875,8.95977792823987,3.80619290740287,283.069244384766,-0.086648620681618,0,0,1.20263991432982,-0.204898210985324,0,0,0,0,4111.4128634354,58014.7685269809,283.45093284408,,4120.37264136364,58018.5747198883
7af29626468ebb9ba224a7ecfa792e6f,1,1,4063.01781440405,57975.1012655227,9.7418152567211,4054.04956054688,57971.296875,8.96825385717011,3.80439052270231,283.069244384766,-0.086648620681618,0,0,1.51594974529067,-0.250573443162319,0,0,0,0,4111.4128634354,58014.7685269809,283.45093284408,,4120.38111729257,58018.5729175036
7af29626468ebb9ba224a7ecfa792e6f,1,1,4062.99946900616,57975.1021753176,9.72528518536985,4054.04956054688,57971.296875,8.94990845927987,3.80530031760281,283.062347412109,-0.068020053096061,0,0,1.36884512297803,-0.220548198267431,0,0,0,0,4111.4128634354,58014.7685269809,283.45093284408,,4120.36277189468,58018.5738272985
7af29626468ebb9ba224a7ecfa792e6f,1,1,4063.00612292319,57975.1007659876,9.73085793987741,4054.04956054688,57971.296875,8.9565623763101,3.8038909875977,283.062347412109,-0.068020053096061,0,0,1.70478052701748,-0.266608959286635,0,0,0,0,4115.2829634354,58015.7197269809,283.466676547428,,4124.23952581171,58019.5236179685
7af29626468ebb9ba224a7ecfa792e6f,1,1,4062.92606074971,57975.103262627,9.6582007961224,4054.04956054688,57971.296875,8.8765002028299,3.80638762700255,283.057220458984,-0.009220707785849,0,0,1.4398621159885,-0.232731849356051,0,0,0,0,4115.2829634354,58015.7197269809,283.466676547428,,4124.15946363823,58019.5261146079
7af29626468ebb9ba224a7ecfa792e6f,1,1,4062.8094500783,57975.1060278634,9.55224110559764,4054.04956054688,57971.296875,8.75988953141996,3.80915286340314,283.054260253906,0.075166880148834,0,0,1.16830706783806,-0.200340489256103,0,0,0,0,4117.2659634354,58016.1451269809,283.465955716951,,4126.02585296682,58019.9542798443
7af29626468ebb9ba224a7ecfa792e6f,1,1,4062.80209786554,57975.1075940253,9.54612429230069,4054.04956054688,57971.296875,8.75253731865996,3.81071902529948,283.054260253906,0.075166880148834,0,0,1.47487815065063,-0.244823565685869,0,0,0,0,4117.2659634354,58016.1451269809,283.465955716951,,4126.01850075406,58019.9558460062
7af29626468ebb9ba224a7ecfa792e6f,1,1,4062.5619657432,57975.0575348134,9.30610576226021,4054.04956054688,57971.296875,8.51240519631983,3.76065981340071,283.048583984375,0.232956438300927,0,0,1.18604049107743,-0.202308145997062,0,0,0,0,4117.2659634354,58016.1451269809,283.465955716951,,4125.77836863172,58019.9057867943
7af29626468ebb9ba224a7ecfa792e6f,1,1,4062.53917534748,57975.0623677258,9.28722213208386,4054.04956054688,57971.296875,8.48961480060007,3.76549272579723,283.048583984375,0.232956438300927,0,0,1.49583194075855,-0.247152914190088,0,0,0,0,4119.2293634354,58016.5274269809,283.468131714577,,4127.718978236,58020.2929197067
7af29626468ebb9ba224a7ecfa792e6f,1,1,4062.35954157064,57975.0565246576,9.12089634648478,4054.04956054688,57971.296875,8.30998102375997,3.75964965760068,283.042755126953,0.342590384029877,0,0,1.19883747905549,-0.195083493990906,0,0,0,0,4119.2293634354,58016.5274269809,283.468131714577,,4127.53934445916,58020.2870766385
7af29626468ebb9ba224a7ecfa792e6f,1,1,4062.32597866646,57975.0634045414,9.09317555510963,4054.04956054688,57971.296875,8.27641811957983,3.76652954139718,283.042755126953,0.342590384029877,0,0,1.51121941129098,-0.238667498909401,0,0,0,0,4119.2293634354,58016.5274269809,283.468131714577,,4127.50578155498,58020.2939565223
7af29626468ebb9ba224a7ecfa792e6f,1,1,4062.22584300628,57975.1182706999,9.02522354024048,4054.04956054688,57971.296875,8.17628245939977,3.8213956999025,283.046417236328,0.396853504291424,0,0,1.20481896570076,-0.198326247716532,0,0,0,0,4119.2293634354,58016.5274269809,283.468131714577,,4127.4056458948,58020.3488226808
7af29626468ebb9ba224a7ecfa792e6f,1,1,4062.18697612851,57975.1262980106,8.99344277471648,4054.04956054688,57971.296875,8.13741558163019,3.82942301059666,283.046417236328,0.396853504291424,0,0,1.51863033489928,-0.242515320942972,0,0,0,0,4119.2293634354,58016.5274269809,283.468131714577,,4127.36677901703,58020.3568499915
7af29626468ebb9ba224a7ecfa792e6f,1,1,4062.0615841188,57975.1357371014,8.8842210660422,4054.04956054688,57971.296875,8.01202357192005,3.8388621014019,283.049407958984,0.458403096385347,0,0,1.20416791953043,-0.207513376859728,0,0,0,0,4119.2293634354,58016.5274269809,283.468131714577,,4127.24138700732,58020.3662890823
7af29626468ebb9ba224a7ecfa792e6f,1,1,4062.01673220582,57975.145198846,8.84790487441115,4054.04956054688,57971.296875,7.96717165894006,3.84832384600304,283.049407958984,0.458403096385347,0,0,1.51835348585808,-0.253038313060732,0,0,0,0,4119.2293634354,58016.5274269809,283.468131714577,,4127.19653509434,58020.3757508269
7af29626468ebb9ba224a7ecfa792e6f,1,1,4061.90973190877,57975.1660351751,8.76086150435573,4054.04956054688,57971.296875,7.86017136189003,3.86916017509793,283.052520751953,0.504186139521062,0,0,1.21032664997316,-0.201994747741057,0,0,0,0,4125.1943634354,58017.4864269809,283.46653348291,,4133.05453479729,58021.355587156
7af29626468ebb9ba224a7ecfa792e6f,1,1,4061.86037281981,57975.1763191324,8.72117395418939,4054.04956054688,57971.296875,7.81081227292998,3.87944413239893,283.052520751953,0.504186139521062,0,0,1.52579296081718,-0.246816868225843,0,0,0,0,4125.1943634354,58017.4864269809,283.46653348291,,4133.00517570833,58021.3658711133
7af29626468ebb9ba224a7ecfa792e6f,1,1,4061.75052949123,57975.1551467925,8.61343043779582,4054.04956054688,57971.296875,7.70096894434982,3.85827179250191,283.054016113281,0.542619466274447,0,0,1.21141451231987,-0.205187816827285,0,0,0,0,4125.1943634354,58017.4864269809,283.46653348291,,4132.89533237975,58021.3446987734
7af29626468ebb9ba224a7ecfa792e6f,1,1,4061.69739220549,57975.1661468331,8.57091556349472,4054.04956054688,57971.296875,7.6478316586099,3.86927183310036,283.054016113281,0.542619466274447,0,0,1.52745802961873,-0.250133184298809,0,0,0,0,4127.1409634354,58017.7279269809,283.464551918009,,4134.78879509401,58021.597198814
7af29626468ebb9ba224a7ecfa792e6f,1,1,4061.61020742811,57975.1785492483,8.49886911494465,4054.04956054688,57971.296875,7.56064688122979,3.88167424830317,283.056213378906,0.567064165738342,0,0,1.2153203910948,-0.200946405178901,0,0,0,0,4127.1409634354,58017.7279269809,283.464551918009,,4134.70161031663,58021.6096012292
7af29626468ebb9ba224a7ecfa792e6f,1,1,4061.55464219468,57975.1899537811,8.45472133994856,4054.04956054688,57971.296875,7.50508164780013,3.89307878109685,283.056213378906,0.567064165738342,0,0,1.53216450237802,-0.245348286239423,0,0,0,0,4129.1030634354,58017.9292269809,283.458296061069,,4136.6081450832,58021.822305762
7af29626468ebb9ba224a7ecfa792e6f,1,1,4061.47838139171,57975.1944638006,8.38919409736655,4054.04956054688,57971.296875,7.42882084483017,3.89758880060253,283.058135986328,0.580857373679244,0,0,1.21811455169372,-0.198416425503621,0,0,0,0,4129.1030634354,58017.9292269809,283.458296061069,,4136.53188428023,58021.8268157815
7af29626468ebb9ba224a7ecfa792e6f,1,1,4061.42145595521,57975.2060116704,8.34423102624787,4054.04956054688,57971.296875,7.37189540833015,3.90913667040149,283.058135986328,0.580857373679244,0,0,1.53538667784643,-0.242317601709504,0,0,0,0,4129.1030634354,58017.9292269809,283.458296061069,,4136.47495884373,58021.8383636513
7af29626468ebb9ba224a7ecfa792e6f,1,1,4061.36335329465,57975.2135388109,8.29649442625508,4054.04956054688,57971.296875,7.31379274777009,3.91666381090181,283.058349609375,0.581128300029455,0,0,1.21958433093877,-0.196674959245035,0,0,0,0,4129.1030634354,58017.9292269809,283.458296061069,,4136.41685618317,58021.8458907918
7af29626468ebb9ba224a7ecfa792e6f,1,1,4061.30638241734,57975.2250060933,8.25176814665846,4054.04956054688,57971.296875,7.25682187046004,3.92813109330018,283.058349609375,0.581128300029455,0,0,1.53715174164883,-0.24026532284332,0,0,0,0,4129.1030634354,58017.9292269809,283.458296061069,,4136.35988530586,58021.8573580742
7af29626468ebb9ba224a7ecfa792e6f,1,1,4061.25339913896,57975.2384185301,8.2116414839005,4054.04956054688,57971.296875,7.20383859208005,3.94154353009799,283.057373046875,0.578561912962166,0,0,1.21834569274512,-0.194989455173917,0,0,0,0,4132.9520634354,58018.1956269809,283.453162048925,,4140.15590202748,58022.137170511
7af29626468ebb9ba224a7ecfa792e6f,1,1,4061.19666669715,57975.249782338,8.16741101854463,4054.04956054688,57971.296875,7.14710615026979,3.95290733800357,283.057373046875,0.578561912962166,0,0,1.53582100158674,-0.238362214541546,0,0,0,0,4132.9520634354,58018.1956269809,283.453162048925,,4140.09916958567,58022.1485343189
7af29626468ebb9ba224a7ecfa792e6f,1,1,4061.16889170547,57975.2595096418,8.14784323918848,4054.04956054688,57971.296875,7.11933115858983,3.96263464180083,283.05712890625,0.55768698559957,0,0,1.21868802664489,-0.193797749426852,0,0,0,0,4132.9520634354,58018.1956269809,283.453162048925,,4140.07139459399,58022.1582616227
7af29626468ebb9ba224a7ecfa792e6f,1,1,4061.11420478481,57975.2704127073,8.10544262331899,4054.04956054688,57971.296875,7.06464423793022,3.97353770730115,283.05712890625,0.55768698559957,0,0,1.53617658737076,-0.236974313984615,0,0,0,0,4134.8340634354,58018.2632269809,283.452849633871,,4141.89870767333,58022.2367646882
7af29626468ebb9ba224a7ecfa792e6f,1,1,4061.09337486099,57975.2876505578,8.09577727241087,4054.04956054688,57971.296875,7.04381431411002,3.99077555780241,283.057556152344,0.534461707244457,0,0,1.22281136680234,-0.187594728177271,0,0,0,0,4134.8340634354,58018.2632269809,283.452849633871,,4141.87787774951,58022.2540025387
7af29626468ebb9ba224a7ecfa792e6f,1,1,4061.0409221379,57975.2979124685,8.05527390726219,4054.04956054688,57971.296875,6.99136159102,4.00103746850073,283.057556152344,0.534461707244457,0,0,1.54089441990986,-0.229801207562987,0,0,0,0,4134.8340634354,58018.2632269809,283.452849633871,,4141.82542502642,58022.2642644494
7af29626468ebb9ba224a7ecfa792e6f,1,1,4060.98847208985,57975.3081738559,8.01492432357208,4054.04956054688,57971.296875,6.93891154296989,4.01129885589762,283.057556152344,0.534461707244457,0,0,1.90670690679432,-0.277359646878019,0,0,0,0,4134.8340634354,58018.2632269809,283.452849633871,,4141.77297497837,58022.2745258368
7af29626468ebb9ba224a7ecfa792e6f,1,1,4060.98993372752,57975.2999901634,8.01209778386654,4054.04956054688,57971.296875,6.94037318064011,4.00311516340298,283.059265136719,0.496200417906247,0,0,1.54202582952564,-0.23139930564626,0,0,0,0,4134.8340634354,58018.2632269809,283.452849633871,,4141.77443661604,58022.2663421443
7af29626468ebb9ba224a7ecfa792e6f,1,1,4060.94120805073,57975.3094261202,7.97467063958968,4054.04956054688,57971.296875,6.89164750384998,4.01255112019862,283.059265136719,0.496200417906247,0,0,1.90819992884967,-0.278884842038544,0,0,0,0,4134.8340634354,58018.2632269809,283.452849633871,,4141.72571093925,58022.2757781011
7af29626468ebb9ba224a7ecfa792e6f,1,1,4060.98980539802,57975.2962493009,8.01011818840114,4054.04956054688,57971.296875,6.94024485114005,3.99937430090358,283.060638427734,0.42793735299496,0,0,1.37114307654281,-0.213614559854264,0,0,0,0,4134.8340634354,58018.2632269809,283.452849633871,,4141.77430828654,58022.2626012818
7af29626468ebb9ba224a7ecfa792e6f,1,1,4060.94777095177,57975.3042788925,7.97775612234155,4054.04956054688,57971.296875,6.89821040489005,4.00740389250132,283.060638427734,0.42793735299496,0,0,1.72382174926983,-0.261856468293393,0,0,0,0,4134.8340634354,58018.2632269809,283.452849633871,,4141.73227384029,58022.2706308734
7af29626468ebb9ba224a7ecfa792e6f,1,1,4061.00188936223,57975.2904776451,8.01771401609996,4054.04956054688,57971.296875,6.95232881535003,3.99360264510324,283.061065673828,0.356852202518914,0,0,1.3255688857768,-0.204634318513002,0,0,0,0,4134.8340634354,58018.2632269809,283.452849633871,,4141.78639225075,58022.256829626
7af29626468ebb9ba224a7ecfa792e6f,1,1,4060.96681872833,57975.2971072992,7.99063947356531,4054.04956054688,57971.296875,6.91725818145005,4.00023229920043,283.061065673828,0.356852202518914,0,0,1.67261647944486,-0.251408263959288,0,0,0,0,4134.8340634354,58018.2632269809,283.452849633871,,4141.75132161685,58022.2634592801
7af29626468ebb9ba224a7ecfa792e6f,1,1,4061.02243120469,57975.2820173847,8.03133146104845,4054.04956054688,57971.296875,6.97287065780984,3.98514238469943,283.061218261719,0.288050153515935,0,0,1.30622849708437,-0.199417038192093,0,0,0,0,4134.8340634354,58018.2632269809,283.452849633871,,4141.80693409321,58022.2483693656
7af29626468ebb9ba224a7ecfa792e6f,1,1,4060.99411503423,57975.2873109712,8.00939549952495,4054.04956054688,57971.296875,6.94455448735016,3.9904359712018,283.061218261719,0.288050153515935,0,0,1.64857713821109,-0.244869804466509,0,0,0,0,4134.8340634354,58018.2632269809,283.452849633871,,4141.77861792275,58022.2536629521
7af29626468ebb9ba224a7ecfa792e6f,1,1,4061.05194568491,57975.2772331114,8.05460416879691,4054.04956054688,57971.296875,7.00238513803015,3.98035811140289,283.061798095703,0.223054314370238,0,0,1.29187947905576,-0.195051221559248,0,0,0,0,4143.9595634354,58018.0924269809,283.451228790473,,4150.96194857343,58022.0727850923
7af29626468ebb9ba224a7ecfa792e6f,1,1,4061.02989844093,57975.2813181703,8.03746878638854,4054.04956054688,57971.296875,6.98033789405008,3.98444317030226,283.061798095703,0.223054314370238,0,0,1.63110239634473,-0.239450490391989,0,0,0,0,4143.9595634354,58018.0924269809,283.451228790473,,4150.93990132945,58022.0768701512
7af29626468ebb9ba224a7ecfa792e6f,1,1,4061.0843751578,57975.280436505,8.084391063904,4054.04956054688,57971.296875,7.03481461091997,3.98356150500331,283.0634765625,0.166850652219564,0,0,1.27790003404189,-0.190887019681301,0,0,0,0,4143.9595634354,58018.0924269809,283.451228790473,,4150.99437804632,58022.0759884859
7af29626468ebb9ba224a7ecfa792e6f,1,1,4061.06796377251,57975.28345643,8.07160549924769,4054.04956054688,57971.296875,7.01840322563021,3.98658142999921,283.0634765625,0.166850652219564,0,0,1.61036512408875,-0.233847777841443,0,0,0,0,4143.9595634354,58018.0924269809,283.451228790473,,4150.97796666103,58022.0790084109
7af29626468ebb9ba224a7ecfa792e6f,1,1,4061.11893341584,57975.2884505276,8.11841782327531,4054.04956054688,57971.296875,7.06937286895982,3.99157552760153,283.065338134766,0.118347403098632,0,0,1.26507342982965,-0.187098873863147,0,0,0,0,4143.9595634354,58018.0924269809,283.451228790473,,4151.02893630436,58022.0840025085
7af29626468ebb9ba224a7ecfa792e6f,1,1,4061.10729268907,57975.2905783054,8.10933098858497,4054.04956054688,57971.296875,7.05773214219016,3.99370330540114,283.065338134766,0.118347403098632,0,0,1.59333798428802,-0.22901525639421,0,0,0,0,4147.4683634354,58017.7845269809,283.449358568674,,4154.52609557759,58021.7782302863
7af29626468ebb9ba224a7ecfa792e6f,1,1,4061.09565055654,57975.2927063401,8.10025015186271,4054.04956054688,57971.296875,7.04609000966002,3.99583134010027,283.065338134766,0.118347403098632,0,0,1.97054840637301,-0.276217067441328,0,0,0,0,4147.4683634354,58017.7845269809,283.449358568674,,4154.51445344506,58021.780358321
7af29626468ebb9ba224a7ecfa792e6f,1,1,4061.15375369594,57975.2982904863,8.15358118823749,4054.04956054688,57971.296875,7.10419314905994,4.00141548630199,283.066558837891,0.071994339449198,0,0,1.57963409175922,-0.224908657087452,0,0,0,0,4147.4683634354,58017.7845269809,283.449358568674,,4154.57255658446,58021.7859424672
7af29626468ebb9ba224a7ecfa792e6f,1,1,4061.20661807022,57975.3139145428,8.2073186291894,4054.04956054688,57971.296875,7.15705752333997,4.01703954279947,283.06591796875,0.030890737227018,0,0,1.24606949504457,-0.181127493661598,0,0,0,0,4147.4683634354,58017.7845269809,283.449358568674,,4154.62542095874,58021.8015665237
7af29626468ebb9ba224a7ecfa792e6f,1,1,4061.20357786886,57975.314462432,8.20493586915949,4054.04956054688,57971.296875,7.15401732198006,4.01758743199753,283.06591796875,0.030890737227018,0,0,1.56911975515155,-0.221544711856557,0,0,0,0,4147.4683634354,58017.7845269809,283.449358568674,,4154.62238075738,58021.8021144129
7af29626468ebb9ba224a7ecfa792e6f,1,1,4061.20729889468,57975.2659722229,8.18455563976617,4054.04956054688,57971.296875,7.15773834780021,3.96909722290002,283.057586669922,0.020105946645034,0,0,1.40496711090897,-0.199085001098734,0,0,0,0,4150.9261634354,58017.3380269809,283.45639205839,,4158.0839017832,58021.3071242038
7af29626468ebb9ba224a7ecfa792e6f,1,1,4061.20532116707,57975.2663340503,8.18300160123811,4054.04956054688,57971.296875,7.15576062018999,3.96945905029861,283.057586669922,0.020105946645034,0,0,1.74861643764975,-0.240389729316958,0,0,0,0,4150.9261634354,58017.3380269809,283.45639205839,,4158.08192405559,58021.3074860312
7af29626468ebb9ba224a7ecfa792e6f,1,1,4061.23052060393,57975.2538659565,8.19902218381452,4054.04956054688,57971.296875,7.18096005705002,3.95699095650343,283.051086425781,0.000129096932511,0,0,1.47153421521459,-0.208103864673177,0,0,0,0,4150.9261634354,58017.3380269809,283.45639205839,,4158.10712349245,58021.2950179374
7af29626468ebb9ba224a7ecfa792e6f,1,1,4061.23050790182,57975.2538682693,8.19901217510358,4054.04956054688,57971.296875,7.18094735494014,3.95699326929753,283.051086425781,0.000129096932511,0,0,1.82506371981902,-0.250931279426422,0,0,0,0,4152.6451634354,58017.0653269809,283.448614744898,,4159.82611079034,58021.0223202502
7af29626468ebb9ba224a7ecfa792e6f,1,1,4061.29555236965,57975.3165986193,8.28628840140102,4054.04956054688,57971.296875,7.24599182277007,4.01972361929802,283.052947998047,-0.035996185975548,0,0,1.50633983722179,-0.210072387714835,0,0,0,0,4152.6451634354,58017.0653269809,283.448614744898,,4159.89115525817,58021.0850506002
7af29626468ebb9ba224a7ecfa792e6f,1,1,4061.29909540069,57975.3159607766,8.28907751662002,4054.04956054688,57971.296875,7.24953485381002,4.01908577659924,283.052947998047,-0.035996185975548,0,0,1.86499296973552,-0.253224106768921,0,0,0,0,4154.4105634354,58016.7478269809,283.448800781965,,4161.66009828921,58020.7669127575
7af29626468ebb9ba224a7ecfa792e6f,1,1,4061.27232720474,57975.3098737866,8.26271852693536,4054.04956054688,57971.296875,7.22276665786012,4.01299878660211,283.046478271484,-0.016459224864974,0,0,1.52344566082275,-0.210531246257591,0,0,0,0,4154.4105634354,58016.7478269809,283.448800781965,,4161.63333009326,58020.7608257675
7af29626468ebb9ba224a7ecfa792e6f,1,1,4061.27394765486,57975.3095854109,8.26399503435507,4054.04956054688,57971.296875,7.22438710797996,4.01271041089785,283.046478271484,-0.016459224864974,0,0,1.88492605446833,-0.253704968842146,0,0,0,0,4154.4105634354,58016.7478269809,283.448800781965,,4161.63495054338,58020.7605373918
7af29626468ebb9ba224a7ecfa792e6f,1,1,4061.28627075464,57975.3401125435,8.28961666570015,4054.04956054688,57971.296875,7.2367102077601,4.04323754349753,283.04052734375,-0.019902146193161,0,0,1.53636101120634,-0.203428389190816,0,0,0,0,4154.4105634354,58016.7478269809,283.448800781965,,4161.64727364316,58020.7910645244
7af29626468ebb9ba224a7ecfa792e6f,1,1,4061.3270647752,57975.4223563446,8.36550441502533,4054.04956054688,57971.296875,7.27750422832014,4.12548134459939,283.046234130859,-0.037009054333279,0,0,1.22699098901403,-0.162928854462686,0,0,0,0,4154.4105634354,58016.7478269809,283.448800781965,,4161.68806766372,58020.8733083255
7af29626468ebb9ba224a7ecfa792e6f,1,1,4061.33071599239,57975.4217467803,8.36838047805709,4054.04956054688,57971.296875,7.28115544551019,4.12487178030278,283.046234130859,-0.037009054333279,0,0,1.54520072340999,-0.1994353556333,0,0,0,0,4157.9371634354,58016.0237269809,283.454600526435,,4165.21831888091,58020.1485987612
7af29626468ebb9ba224a7ecfa792e6f,1,1,4061.3039416851,57975.4054588255,8.3370562400328,4054.04956054688,57971.296875,7.2543811382202,4.10858382550214,283.044860839844,-0.018143026600973,0,0,1.39518138815311,-0.175361877989676,0,0,0,0,4157.9371634354,58016.0237269809,283.454600526435,,4165.19154457362,58020.1323108064
7af29626468ebb9ba224a7ecfa792e6f,1,1,4061.30573176293,57975.4051628373,8.33846806497995,4054.04956054688,57971.296875,7.25617121605001,4.10828783729812,283.044860839844,-0.018143026600973,0,0,1.7360142410708,-0.212019692779899,0,0,0,0,4157.9371634354,58016.0237269809,283.454600526435,,4165.19333465145,58020.1320148182
7af29626468ebb9ba224a7ecfa792e6f,1,1,4061.32626589126,57975.4641457977,8.38549858806613,4054.04956054688,57971.296875,7.27670534437993,4.16727079769771,283.050628662109,-0.023919457463482,0,0,1.46751564002997,-0.18594471142491,0,0,0,0,4159.6738634354,58015.6250269809,283.457040529784,,4166.95056877978,58019.7922977786
7af29626468ebb9ba224a7ecfa792e6f,1,1,4061.32862628998,57975.4637594995,8.38735503747808,4054.04956054688,57971.296875,7.27906574310009,4.16688449950016,283.050628662109,-0.023919457463482,0,0,1.81976204182889,-0.224205457098104,0,0,0,0,4159.6738634354,58015.6250269809,283.457040529784,,4166.9529291785,58019.7919114804
7af29626468ebb9ba224a7ecfa792e6f,1,1,4061.33289459806,57975.5105476576,8.41439196652379,4054.04956054688,57971.296875,7.28333405118019,4.21367265759909,283.056304931641,-0.019964356792493,0,0,1.50670492817746,-0.189274365323324,0,0,0,0,4161.4300634354,58015.2006269809,283.458624974961,,4168.71339748658,58019.4142996385
7af29626468ebb9ba224a7ecfa792e6f,1,1,4061.34004618507,57975.5452158705,8.43798441527423,4054.04956054688,57971.296875,7.29048563819015,4.24834087050112,283.061950683594,-0.019631632012898,0,0,1.21311783967304,-0.155281940920522,0,0,0,0,4161.4300634354,58015.2006269809,283.458624974961,,4168.72054907359,58019.4489678514
7af29626468ebb9ba224a7ecfa792e6f,1,1,4061.34198520841,57975.5449079753,8.43950481979105,4054.04956054688,57971.296875,7.29242466152982,4.24803297530161,283.061950683594,-0.019631632012898,0,0,1.52833546836101,-0.18968261794751,0,0,0,0,4161.4300634354,58015.2006269809,283.458624974961,,4168.72248809693,58019.4486599562
7af29626468ebb9ba224a7ecfa792e6f,1,1,4061.35346249539,57975.5624530811,8.45825868839415,4054.04956054688,57971.296875,7.30390194850997,4.26557808109646,283.066467285156,-0.024422489923427,0,0,1.22373872014992,-0.154871025643853,0,0,0,0,4161.4300634354,58015.2006269809,283.458624974961,,4168.73396538391,58019.466205062
7af29626468ebb9ba224a7ecfa792e6f,1,1,4061.35587502091,57975.5620752102,8.46015153683015,4054.04956054688,57971.296875,7.30631447402993,4.26520021019678,283.066467285156,-0.024422489923427,0,0,1.54111328593933,-0.189143980279377,0,0,0,0,4161.4300634354,58015.2006269809,283.458624974961,,4168.73637790943,58019.4658271911
7af29626468ebb9ba224a7ecfa792e6f,1,1,4061.3645913659,57975.5808948383,8.4771753466581,4054.04956054688,57971.296875,7.31503081902019,4.28401983829826,283.070343017578,-0.026790097945971,0,0,1.23094381048855,-0.153623777736573,0,0,0,0,4161.4300634354,58015.2006269809,283.458624974961,,4168.74509425442,58019.4846468192
7af29626468ebb9ba224a7ecfa792e6f,1,1,4061.36723907665,57975.5804862589,8.4792537691821,4054.04956054688,57971.296875,7.31767852977009,4.28361125889933,283.070343017578,-0.026790097945971,0,0,1.55004489268399,-0.18764411732418,0,0,0,0,4161.4300634354,58015.2006269809,283.458624974961,,4168.74774196517,58019.4842382398
7af29626468ebb9ba224a7ecfa792e6f,1,1,4061.37453687268,57975.5885426654,8.48962246062897,4054.04956054688,57971.296875,7.32497632579998,4.29166766539856,283.073547363281,-0.029089212294094,0,0,1.39979201307037,-0.164513039100662,0,0,0,0,4161.4300634354,58015.2006269809,283.458624974961,,4168.7550397612,58019.4922946463
7af29626468ebb9ba224a7ecfa792e6f,1,1,4061.37741235505,57975.5881022519,8.49188103131309,4054.04956054688,57971.296875,7.32785180817018,4.29122725190246,283.073547363281,-0.029089212294094,0,0,1.74160307447355,-0.198678672353731,0,0,0,0,4166.6803634354,58013.8046269809,283.457482126853,,4174.00821524357,58018.0958542328
7af29626468ebb9ba224a7ecfa792e6f,1,1,4061.38220493956,57975.5864079544,8.49516137319994,4054.04956054688,57971.296875,7.33264439267987,4.28953295439715,283.076416015625,-0.030516959095539,0,0,1.4712236634156,-0.178395340896453,0,0,0,0,4166.6803634354,58013.8046269809,283.457482126853,,4174.01300782808,58018.0941599353
7af29626468ebb9ba224a7ecfa792e6f,1,1,4061.38522109795,57975.5859411613,8.4975293030947,4054.04956054688,57971.296875,7.33566055106985,4.28906616129825,283.076416015625,-0.030516959095539,0,0,1.82431121928747,-0.214797913320297,0,0,0,0,4168.4667634354,58013.2995269809,283.454424207461,,4175.80242398647,58017.5885931422
7af29626468ebb9ba224a7ecfa792e6f,1,1,4061.38958032759,57975.5571961567,8.4868266589708,4054.04956054688,57971.296875,7.34001978071001,4.26032115669659,283.078674316406,-0.034303938143469,0,0,1.34791035039787,-0.174257226757913,0,0,0,0,4168.4667634354,58013.2995269809,283.454424207461,,4175.80678321611,58017.5598481376
7af29626468ebb9ba224a7ecfa792e6f,1,1,4061.3929700902,57975.5566689795,8.4894940054476,4054.04956054688,57971.296875,7.34340954331992,4.25979397950141,283.078674316406,-0.034303938143469,0,0,1.69576061891266,-0.213171944150686,0,0,0,0,4168.4667634354,58013.2995269809,283.454424207461,,4175.81017297872,58017.5593209604
7af29626468ebb9ba224a7ecfa792e6f,1,1,4061.39520859214,57975.530055997,8.47811102535832,4054.04956054688,57971.296875,7.34564804526008,4.23318099699827,283.080139160156,-0.036185868659791,0,0,1.31982165150092,-0.172791479722505,0,0,0,0,4168.4667634354,58013.2995269809,283.454424207461,,4175.81241148066,58017.5327079779
7af29626468ebb9ba224a7ecfa792e6f,1,1,4061.39878341374,57975.5294927587,8.48092741614263,4054.04956054688,57971.296875,7.34922286686015,4.23261775870196,283.080139160156,-0.036185868659791,0,0,1.66506150769207,-0.211758949807776,0,0,0,0,4168.4667634354,58013.2995269809,283.454424207461,,4175.81598630226,58017.5321447396
7af29626468ebb9ba224a7ecfa792e6f,1,1,4061.39750892066,57975.5144735801,8.47233634170748,4054.04956054688,57971.296875,7.34794837378013,4.21759858010046,283.081481933594,-0.034239368333548,0,0,1.49129651082695,-0.186830205075799,0,0,0,0,4172.0293634354,58012.2442269809,283.445651001876,,4179.37731180918,58016.461825561
7af29626468ebb9ba224a7ecfa792e6f,1,1,4061.40089032222,57975.5139351604,8.47500123083611,4054.04956054688,57971.296875,7.35132977534022,4.21706016040116,283.081481933594,-0.034239368333548,0,0,1.85915622302437,-0.226543804981698,0,0,0,0,4172.0293634354,58012.2442269809,283.445651001876,,4179.38069321074,58016.4612871413
7af29626468ebb9ba224a7ecfa792e6f,1,1,4061.38915879544,57975.496111199,8.45596163102497,4054.04956054688,57971.296875,7.33959824855992,4.19923619899782,283.082458496094,-0.02551675215853,0,0,1.55596640595156,-0.198089601806407,0,0,0,0,4172.0293634354,58012.2442269809,283.445651001876,,4179.36896168396,58016.4434631799
7af29626468ebb9ba224a7ecfa792e6f,1,1,4061.39167817187,57975.4957058967,8.45794727570584,4054.04956054688,57971.296875,7.3421176249899,4.19883089669747,283.082458496094,-0.02551675215853,0,0,1.93130514047757,-0.239417108444152,0,0,0,0,4173.7931634354,58011.6838269809,283.439202647975,,4181.13528106039,58015.8826578776
7af29626468ebb9ba224a7ecfa792e6f,1,1,4061.36319534948,57975.4780913357,8.42447767352182,4054.04956054688,57971.296875,7.31363480260006,4.18121633570263,283.082824707031,-0.005912787039471,0,0,1.39986909092286,-0.191294657594862,0,0,0,0,4173.7931634354,58011.6838269809,283.439202647975,,4181.106798238,58015.8650433166
7af29626468ebb9ba224a7ecfa792e6f,1,1,4061.36377892986,57975.4779958382,8.42493691477224,4054.04956054688,57971.296875,7.31421838298002,4.18112083819869,283.082824707031,-0.005912787039471,0,0,1.76120254110574,-0.2344024739545,0,0,0,0,4173.7931634354,58011.6838269809,283.439202647975,,4181.10738181838,58015.8649478191
7af29626468ebb9ba224a7ecfa792e6f,1,1,4061.34100207775,57975.4714964473,8.40193928959639,4054.04956054688,57971.296875,7.29144153087009,4.17462144730234,283.082855224609,0.010238153687216,0,0,1.35234853350195,-0.187440721838231,0,0,0,0,4173.7931634354,58011.6838269809,283.439202647975,,4181.08460496627,58015.8584484282
7af29626468ebb9ba224a7ecfa792e6f,1,1,4061.33999211803,57975.471664702,8.40114644258016,4054.04956054688,57971.296875,7.29043157114984,4.17478970200318,283.082855224609,0.010238153687216,0,0,1.70551318449522,-0.229913917939806,0,0,0,0,4173.7931634354,58011.6838269809,283.439202647975,,4181.08359500655,58015.8586166829
7af29626468ebb9ba224a7ecfa792e6f,1,1,4061.3111441088,57975.4606810118,8.37065566912187,4054.04956054688,57971.296875,7.26158356191991,4.16380601179844,283.08251953125,0.029378092130472,0,0,1.32660944840176,-0.186684222619898,0,0,0,0,4177.3693634354,58010.4705269809,283.42904844928,,4184.63094699732,58014.6343329927
7af29626468ebb9ba224a7ecfa792e6f,1,1,4061.30824764707,57975.4611730563,8.36838794034897,4054.04956054688,57971.296875,7.25868710018995,4.16429805629741,283.08251953125,0.029378092130472,0,0,1.67285561455639,-0.228785415021038,0,0,0,0,4177.3693634354,58010.4705269809,283.42904844928,,4184.62805053559,58014.6348250372
7af29626468ebb9ba224a7ecfa792e6f,1,1,4061.27471336868,57975.4554870655,8.33647932939792,4054.04956054688,57971.296875,7.22515282179984,4.15861206549744,283.082183837891,0.051128149968314,0,0,1.30635287169375,-0.186781065946759,0,0,0,0,4179.1781634354,58009.8118269809,283.430377679734,,4186.4033162572,58013.9704390464
7af29626468ebb9ba224a7ecfa792e6f,1,1,4061.26967529203,57975.4563605237,8.33254923508168,4054.04956054688,57971.296875,7.22011474515011,4.1594855236981,283.082183837891,0.051128149968314,0,0,1.64606742661376,-0.228584848090433,0,0,0,0,4179.1781634354,58009.8118269809,283.430377679734,,4186.39827818055,58013.9713125046
7af29626468ebb9ba224a7ecfa792e6f,1,1,4061.2337691611,57975.4423039489,8.29442189567421,4054.04956054688,57971.296875,7.1842086142201,4.14542894889746,283.081298828125,0.07186782858796,0,0,1.2864762836202,-0.18718463342165,0,0,0,0,4179.1781634354,58009.8118269809,283.430377679734,,4186.36237204962,58013.9572559298
7af29626468ebb9ba224a7ecfa792e6f,1,1,4061.22669139603,57975.4435569733,8.28891902564992,4054.04956054688,57971.296875,7.17713084915022,4.1466819733032,283.081298828125,0.07186782858796,0,0,1.62021403302736,-0.228828491267005,0,0,0,0,4180.9618634354,58009.1436269809,283.433140492164,,4188.13899428455,58013.2903089542
7af29626468ebb9ba224a7ecfa792e6f,1,1,4061.19531608631,57975.431181746,8.25556263981068,4054.04956054688,57971.296875,7.14575553942996,4.13430674599658,283.080322265625,0.087244589146415,0,0,1.4476864733618,-0.201655858195544,0,0,0,0,4180.9618634354,58009.1436269809,283.433140492164,,4188.10761897483,58013.2779337269
7af29626468ebb9ba224a7ecfa792e6f,1,1,4061.18672861724,57975.432722243,8.24890298656605,4054.04956054688,57971.296875,7.13716807036008,4.13584724300017,283.080322265625,0.087244589146415,0,0,1.80085786701309,-0.243658212928893,0,0,0,0,4182.7666634354,58008.4420269809,283.438373800217,,4189.90383150576,58012.5778742239
7af29626468ebb9ba224a7ecfa792e6f,1,1,4061.14025266702,57975.4152973486,8.19995837696496,4054.04956054688,57971.296875,7.09069212013992,4.11842234859796,283.078521728516,0.110940514162339,0,0,1.50628203133071,-0.214577294532605,0,0,0,0,4182.7666634354,58008.4420269809,283.438373800217,,4189.85735555554,58012.5604493295
7af29626468ebb9ba224a7ecfa792e6f,1,1,4061.12933914667,57975.4172894578,8.19152490846342,4054.04956054688,57971.296875,7.07977859979019,4.12041445780051,283.078521728516,0.110940514162339,0,0,1.86679125390198,-0.258645918218575,0,0,0,0,4182.7666634354,58008.4420269809,283.438373800217,,4189.84644203519,58012.5624414387
7af29626468ebb9ba224a7ecfa792e6f,1,1,4061.06943641177,57975.3934162414,8.12774921494065,4054.04956054688,57971.296875,7.01987586488986,4.0965412414007,283.076263427734,0.140894352143258,0,0,1.53090269289487,-0.222913948172478,0,0,0,0,4182.7666634354,58008.4420269809,283.438373800217,,4189.78653930029,58012.5385682223
7af29626468ebb9ba224a7ecfa792e6f,1,1,4060.99818801656,57975.3565117897,8.04761297382559,4054.04956054688,57971.296875,6.94862746968011,4.05963678970147,283.073211669922,0.17694390466359,0,0,1.2227873563595,-0.187160708299268,0,0,0,0,4182.7666634354,58008.4420269809,283.438373800217,,4189.71529090508,58012.5016637706
7af29626468ebb9ba224a7ecfa792e6f,1,1,4060.98080040562,57975.3597934904,8.0342636650251,4054.04956054688,57971.296875,6.9312398587399,4.06291849040281,283.073211669922,0.17694390466359,0,0,1.53971294943309,-0.228295516086569,0,0,0,0,4186.3088634354,58006.9943269809,283.449630940376,,4193.24010329414,58011.0572454713
7af29626468ebb9ba224a7ecfa792e6f,1,1,4060.91570900174,57975.3268509962,7.96145094400025,4054.04956054688,57971.296875,6.8661484548602,4.02997599619994,283.071319580078,0.20625982830255,0,0,1.2258029663701,-0.190866518897565,0,0,0,0,4186.3088634354,58006.9943269809,283.449630940376,,4193.17501189026,58011.0243029771
7af29626468ebb9ba224a7ecfa792e6f,1,1,4060.89545132601,57975.3307355316,7.94595817687064,4054.04956054688,57971.296875,6.84589077913006,4.0338605315992,283.071319580078,0.20625982830255,0,0,1.5432120389378,-0.232742175847597,0,0,0,0,4186.3088634354,58006.9943269809,283.449630940376,,4193.15475421453,58011.0281875125
7af29626468ebb9ba224a7ecfa792e6f,1,1,4060.83579000393,57975.3318884178,7.89520383053107,4054.04956054688,57971.296875,6.78622945705001,4.03501341780066,283.069458007812,0.233880681896668,0,0,1.22901265102448,-0.189614699650802,0,0,0,0,4186.3088634354,58006.9943269809,283.449630940376,,4193.09509289245,58011.0293403987
7af29626468ebb9ba224a7ecfa792e6f,1,1,4060.81282266626,57975.3363094774,7.87773732697755,4054.04956054688,57971.296875,6.76326211938022,4.03943447740312,283.069458007812,0.233880681896668,0,0,1.54713865763028,-0.231590869161952,0,0,0,0,4186.3088634354,58006.9943269809,283.449630940376,,4193.07212555478,58011.0337614583
7af29626468ebb9ba224a7ecfa792e6f,1,1,4060.75748585987,57975.3316296579,7.82786734393391,4054.04956054688,57971.296875,6.70792531299003,4.03475465789961,283.068145751953,0.25562206060793,0,0,1.23326076836265,-0.184562179763344,0,0,0,0,4186.3088634354,58006.9943269809,283.449630940376,,4193.01678874839,58011.0290816388
7af29626468ebb9ba224a7ecfa792e6f,1,1,4060.7323566077,57975.3363863903,7.80880371524456,4054.04956054688,57971.296875,6.68279606081978,4.03951139029959,283.068145751953,0.25562206060793,0,0,1.55254871844195,-0.225855388289403,0,0,0,0,4186.3088634354,58006.9943269809,283.449630940376,,4192.99165949622,58011.0338383712
7af29626468ebb9ba224a7ecfa792e6f,1,1,4060.68374744511,57975.32365797,7.76063250565777,4054.04956054688,57971.296875,6.63418689822993,4.02678297000239,283.066253662109,0.269318301290874,0,0,1.39963950091039,-0.201387823711004,0,0,0,0,4186.3088634354,58006.9943269809,283.449630940376,,4192.94305033363,58011.0211099509
7af29626468ebb9ba224a7ecfa792e6f,1,1,4060.65729118576,57975.3286745857,7.74064028974876,4054.04956054688,57971.296875,6.60773063888018,4.03179958569672,283.066253662109,0.269318301290874,0,0,1.74093111629022,-0.243297549949918,0,0,0,0,4191.4325634354,58004.6904269809,283.4616252684,,4198.04029407428,58008.7222265666
7af29626468ebb9ba224a7ecfa792e6f,1,1,4060.62077177259,57975.3420400417,7.71648736065449,4054.04956054688,57971.296875,6.57121122571016,4.04516504170169,283.066497802734,0.277157873871915,0,0,1.47287168486543,-0.204067361436013,0,0,0,0,4191.4325634354,58004.6904269809,283.4616252684,,4198.00377466111,58008.7355920226
7af29626468ebb9ba224a7ecfa792e6f,1,1,4060.59351530965,57975.347071925,7.69593652964827,4054.04956054688,57971.296875,6.54395476276977,4.05019692500355,283.066497802734,0.277157873871915,0,0,1.82559412543489,-0.24667485575358,0,0,0,0,4191.4325634354,58004.6904269809,283.4616252684,,4197.97651819817,58008.7406239059
7af29626468ebb9ba224a7ecfa792e6f,1,1,4060.55763572302,57975.3630909336,7.67392692932274,4054.04956054688,57971.296875,6.50807517614021,4.06621593359887,283.066772460938,0.284333835253714,0,0,1.51308559680336,-0.203220252438236,0,0,0,0,4191.4325634354,58004.6904269809,283.4616252684,,4197.94063861154,58008.7566429145
7af29626468ebb9ba224a7ecfa792e6f,1,1,4060.53462881228,57975.3768456289,7.66174071214202,4054.04956054688,57971.296875,6.48506826540006,4.07997062890354,283.067047119141,0.2820234954032,0,0,1.21893533575618,-0.164875680015202,0,0,0,0,4191.4325634354,58004.6904269809,283.4616252684,,4197.9176317008,58008.7703976098
7af29626468ebb9ba224a7ecfa792e6f,1,1,4060.50684516516,57975.3817024934,7.64083374325076,4054.04956054688,57971.296875,6.45728461828003,4.08482749340328,283.067047119141,0.2820234954032,0,0,1.53473965616177,-0.202222538844482,0,0,0,0,4194.7344634354,58003.0771269809,283.472200261741,,4201.19174805368,58007.1619544743
7af29626468ebb9ba224a7ecfa792e6f,1,1,4060.50115210797,57975.4021383905,7.64697464205839,4054.04956054688,57971.296875,6.45159156109003,4.10526339049829,283.066650390625,0.268525212089949,0,0,1.23048582108606,-0.155727741166293,0,0,0,0,4194.7344634354,58003.0771269809,283.472200261741,,4201.18605499649,58007.1823903714
7af29626468ebb9ba224a7ecfa792e6f,1,1,4060.47466022147,57975.4065384295,7.62700723302087,4054.04956054688,57971.296875,6.42509967459,4.10966342950269,283.066650390625,0.268525212089949,0,0,1.54865279743777,-0.191415425417925,0,0,0,0,4196.3645634354,58002.2526269809,283.475289389699,,4202.78966310999,58006.3622904104
7af29626468ebb9ba224a7ecfa792e6f,1,1,4060.487585838,57975.4183596598,7.64426618124651,4054.04956054688,57971.296875,6.43802529112008,4.12148465980135,283.067779541016,0.241630505775695,0,0,1.23921833056211,-0.152230466427868,0,0,0,0,4196.3645634354,58002.2526269809,283.475289389699,,4202.80258872652,58006.3741116407
7af29626468ebb9ba224a7ecfa792e6f,1,1,4060.46372281324,57975.4221664001,7.62623804475355,4054.04956054688,57971.296875,6.41416226636011,4.12529140010156,283.067779541016,0.241630505775695,0,0,1.55940177429516,-0.186950077199896,0,0,0,0,4196.3645634354,58002.2526269809,283.475289389699,,4202.77872570176,58006.377918381
7af29626468ebb9ba224a7ecfa792e6f,1,1,4060.46892127821,57975.4268618385,7.63315029885337,4054.04956054688,57971.296875,6.41936073133002,4.1299868385031,283.069000244141,0.221994610432406,0,0,1.40967617284555,-0.161885142309031,0,0,0,0,4196.3645634354,58002.2526269809,283.475289389699,,4202.78392416673,58006.3826138194
7af29626468ebb9ba224a7ecfa792e6f,1,1,4060.44698576405,57975.4302553706,7.61655320322655,4054.04956054688,57971.296875,6.39742521717017,4.13338037060021,283.069000244141,0.221994610432406,0,0,1.75266166646487,-0.196146806256006,0,0,0,0,4196.3645634354,58002.2526269809,283.475289389699,,4202.76198865257,58006.3860073515
7af29626468ebb9ba224a7ecfa792e6f,1,1,4060.45876208057,57975.4502258024,7.63728925650776,4054.04956054688,57971.296875,6.40920153369007,4.15335080240038,283.070617675781,0.201288161788762,0,0,1.48463984088173,-0.164839881834831,0,0,0,0,4196.3645634354,58002.2526269809,283.475289389699,,4202.77376496909,58006.4059777833
7af29626468ebb9ba224a7ecfa792e6f,1,1,4060.43885058915,57975.4531792307,7.62219732769268,4054.04956054688,57971.296875,6.3892900422702,4.15630423070252,283.070617675781,0.201288161788762,0,0,1.83952342983395,-0.199420160808296,0,0,0,0,4196.3645634354,58002.2526269809,283.475289389699,,4202.75385347767,58006.4089312116
7af29626468ebb9ba224a7ecfa792e6f,1,1,4060.45254421701,57975.4525788762,7.63335277494083,4054.04956054688,57971.296875,6.4029836701302,4.15570387619664,283.070007324219,0.178432063070504,0,0,1.51980276672444,-0.180902026424369,0,0,0,0,4196.3645634354,58002.2526269809,283.475289389699,,4202.76754710553,58006.4083308571
7af29626468ebb9ba224a7ecfa792e6f,1,1,4060.434901961,57975.4552511225,7.62001817263882,4054.04956054688,57971.296875,6.38534141411992,4.15837612249743,283.070007324219,0.178432063070504,0,0,1.88048818086304,-0.217594075493605,0,0,0,0,4201.0727634354,57999.7728269809,283.489040603941,,4207.45810484952,58003.9312031034
7af29626468ebb9ba224a7ecfa792e6f,1,1,4060.41249946711,57975.4029419872,7.5727655322364,4054.04956054688,57971.296875,6.36293892023014,4.10606698720221,283.065704345703,0.175951041883095,0,0,1.54242732878605,-0.15605094688603,0,0,0,0,4201.0727634354,57999.7728269809,283.489040603941,,4207.43570235563,58003.8788939681
7af29626468ebb9ba224a7ecfa792e6f,1,1,4060.35588782455,57975.4403728445,7.54574967252877,4054.04956054688,57971.296875,6.30632727766988,4.14349784450315,283.063232421875,0.207684293518596,0,0,1.24058503778211,-0.117736995257251,0,0,0,0,4202.6126634354,57998.9267269809,283.493775646681,,4208.91899071307,58003.0702248254
7af29626468ebb9ba224a7ecfa792e6f,1,1,4060.33526984258,57975.4429332637,7.52993628632235,4054.04956054688,57971.296875,6.28570929570014,4.14605826370098,283.063232421875,0.207684293518596,0,0,1.5613141781643,-0.144766837848748,0,0,0,0,4202.6126634354,57998.9267269809,283.493775646681,,4208.8983727311,58003.0727852446
7af29626468ebb9ba224a7ecfa792e6f,1,1,4060.37789693775,57975.5341188951,7.61590948623421,4054.04956054688,57971.296875,6.32833639086994,4.2372438950988,283.067321777344,0.171825156837663,0,0,1.24930453149023,-0.124470418154683,0,0,0,0,4202.6126634354,57998.9267269809,283.493775646681,,4208.94099982627,58003.163970876
7af29626468ebb9ba224a7ecfa792e6f,1,1,4060.36084923812,57975.5362667779,7.60294729633221,4054.04956054688,57971.296875,6.31128869123995,4.23939177789725,283.067321777344,0.171825156837663,0,0,1.57183769435289,-0.15240110241222,0,0,0,0,4202.6126634354,57998.9267269809,283.493775646681,,4208.92395212664,58003.1661187588
7af29626468ebb9ba224a7ecfa792e6f,1,1,4060.3304754873,57975.5586721471,7.59031009987046,4054.04956054688,57971.296875,6.28091494042019,4.26179714709724,283.063018798828,0.183349388953377,0,0,1.25485903012771,-0.103891951950125,0,0,0,0,4202.6126634354,57998.9267269809,283.493775646681,,4208.89357837582,58003.188524128
7af29626468ebb9ba224a7ecfa792e6f,1,1,4060.31224912896,57975.5606815388,7.57636551892762,4054.04956054688,57971.296875,6.26268858208005,4.26380653880187,283.063018798828,0.183349388953377,0,0,1.57881540795349,-0.128097234332222,0,0,0,0,4205.5510634354,57997.2955269809,283.507000929544,,4211.81375201748,58001.5593335197
7af29626468ebb9ba224a7ecfa792e6f,1,1,4060.23814902684,57975.5879428625,7.5307297637673,4054.04956054688,57971.296875,6.18858847995989,4.29106786249758,283.063598632812,0.225783604847205,0,0,1.26147302740591,-0.08820654866274,0,0,0,0,4205.5510634354,57997.2955269809,283.507000929544,,4211.73965191536,58001.5865948434
7af29626468ebb9ba224a7ecfa792e6f,1,1,4060.21567073751,57975.5900727402,7.51348532434374,4054.04956054688,57971.296875,6.16611019063021,4.29319774019677,283.063598632812,0.225783604847205,0,0,1.58699199950757,-0.109068266291896,0,0,0,0,4205.5510634354,57997.2955269809,283.507000929544,,4211.71717362603,58001.5887247211
7af29626468ebb9ba224a7ecfa792e6f,1,1,4060.11605432532,57975.6485189378,7.46586577198591,4054.04956054688,57971.296875,6.06649377843996,4.35164393779996,283.064453125,0.286219105511764,0,0,1.26627707965048,-0.073174395443027,0,0,0,0,4205.5510634354,57997.2955269809,283.507000929544,,4211.61755721384,58001.6471709187
7af29626468ebb9ba224a7ecfa792e6f,1,1,4060.0875183065,57975.6508040936,7.4440333461929,4054.04956054688,57971.296875,6.03795775961999,4.35392909360235,283.064453125,0.286219105511764,0,0,1.59303540593294,-0.090789095208065,0,0,0,0,4205.5510634354,57997.2955269809,283.507000929544,,4211.58902119502,58001.6494560745
7af29626468ebb9ba224a7ecfa792e6f,1,1,4059.98028670564,57975.6972643069,7.38491291911026,4054.04956054688,57971.296875,5.93072615876008,4.40038930690207,283.061645507812,0.346460828846558,0,0,1.27025828144832,-0.058012519968742,0,0,0,0,4208.2703634354,57995.7770269809,283.516353746654,,4214.20108959416,58000.1774162878
7af29626468ebb9ba224a7ecfa792e6f,1,1,4059.94571111577,57975.6995024288,7.35851342376407,4054.04956054688,57971.296875,5.89615056888988,4.40262742879713,283.061645507812,0.346460828846558,0,0,1.59791123221819,-0.072215224913553,0,0,0,0,4208.2703634354,57995.7770269809,283.516353746654,,4214.16651400429,58000.1796544097
7af29626468ebb9ba224a7ecfa792e6f,1,1,4059.76676149838,57975.7354264344,7.23789510530018,4054.04956054688,57971.296875,5.71720095150022,4.43855143440305,283.063720703125,0.452812224315652,0,0,1.27563293639004,-0.058334445526285,0,0,0,0,4208.2703634354,57995.7770269809,283.516353746654,,4213.9875643869,58000.2155784153
7af29626468ebb9ba224a7ecfa792e6f,1,1,4059.72155107526,57975.738064176,7.20386270354346,4054.04956054688,57971.296875,5.67199052837987,4.44118917600281,283.063720703125,0.452812224315652,0,0,1.60442016573668,-0.071583210432882,0,0,0,0,4209.5133634354,57995.0830269809,283.523137872992,,4215.18535396378,57999.5242161569
7af29626468ebb9ba224a7ecfa792e6f,1,1,4059.67635188225,57975.7407012625,7.16996322051223,4054.04956054688,57971.296875,5.62679133536994,4.44382626249717,283.063720703125,0.452812224315652,0,0,1.98178661614604,-0.08648290374261,0,0,0,0,4209.5133634354,57995.0830269809,283.523137872992,,4215.14015477077,57999.5268532434
7af29626468ebb9ba224a7ecfa792e6f,1,1,4059.4406443204,57975.7800485047,7.01160672927517,4054.04956054688,57971.296875,5.39108377352022,4.48317350469733,283.063781738281,0.582762452177559,0,0,1.60696192489632,-0.076126067229452,0,0,0,0,4210.6788634354,57994.4331269809,283.529374051054,,4216.06994720892,57998.9163004856
7af29626468ebb9ba224a7ecfa792e6f,1,1,4059.38245564244,57975.7834067916,6.96912746453751,4054.04956054688,57971.296875,5.33289509556016,4.48653179159737,283.063781738281,0.582762452177559,0,0,1.98489525695455,-0.09116187656863,0,0,0,0,4210.6788634354,57994.4331269809,283.529374051054,,4216.01175853096,57998.9196587725
7af29626468ebb9ba224a7ecfa792e6f,1,1,4059.25080591477,57975.8037820344,6.88223542129766,4054.04956054688,57971.296875,5.2012453678899,4.50690703440341,283.069915771484,0.632870632164595,0,0,1.60813541505675,-0.081196219476257,0,0,0,0,4210.6788634354,57994.4331269809,283.529374051054,,4215.88010880329,57998.9400340153
7af29626468ebb9ba224a7ecfa792e6f,1,1,4059.13266201133,57975.8899114146,6.85083235849041,4054.04956054688,57971.296875,5.08310146445001,4.59303641459701,283.077484130859,0.67550430680363,0,0,1.27068284783685,-0.089340042376494,0,0,0,0,4211.7215634354,57993.8532269809,283.53329306685,,4216.80466489985,57998.4462633955
7af29626468ebb9ba224a7ecfa792e6f,1,1,4059.06530820095,57975.8952014158,6.80458157095984,4054.04956054688,57971.296875,5.01574765406986,4.59832641579851,283.077484130859,0.67550430680363,0,0,1.59863069106295,-0.107711483159768,0,0,0,0,4211.7215634354,57993.8532269809,283.53329306685,,4216.73731108947,57998.4515533967
7af29626468ebb9ba224a7ecfa792e6f,1,1,4058.99796679448,57975.9004904428,6.75869806520323,4054.04956054688,57971.296875,4.94840624759991,4.60361544280022,283.077484130859,0.67550430680363,0,0,1.97506676897404,-0.128298656793272,0,0,0,0,4212.6787634354,57993.3193269809,283.535596030888,,4217.627169683,57997.9229424237
7af29626468ebb9ba224a7ecfa792e6f,1,1,4058.83777802162,57975.9793705615,6.69722265337539,4054.04956054688,57971.296875,4.78821747474012,4.68249556150113,283.084808349609,0.740574011093477,0,0,1.60108426334167,-0.11811089534173,0,0,0,0,4212.6787634354,57993.3193269809,283.535596030888,,4217.46698091014,57998.0018225424
7af29626468ebb9ba224a7ecfa792e6f,1,1,4058.62701988562,57975.9521120791,6.5287338941286,4054.04956054688,57971.296875,4.57745933874003,4.65523707910324,283.081817626953,0.837653973514144,0,0,1.27749452570646,-0.087400973266743,0,0,0,0,4212.6787634354,57993.3193269809,283.535596030888,,4217.25622277414,57997.97456406
7af29626468ebb9ba224a7ecfa792e6f,1,1,4058.54352488928,57975.9589021903,6.47535427862229,4054.04956054688,57971.296875,4.49396434239998,4.66202719030116,283.081817626953,0.837653973514144,0,0,1.60649033313778,-0.105888121827745,0,0,0,0,4213.5278634354,57992.8461269809,283.538511214187,,4218.0218277778,57997.5081541712
7af29626468ebb9ba224a7ecfa792e6f,1,1,4058.28065198441,57975.9626894851,6.29856805644039,4054.04956054688,57971.296875,4.23109143752981,4.6658144851026,283.080535888672,0.966707335886719,0,0,1.28001794350697,-0.083735123689462,0,0,0,0,4213.5278634354,57992.8461269809,283.538511214187,,4217.75895487293,57997.511941466
7af29626468ebb9ba224a7ecfa792e6f,1,1,4058.18424914166,57975.9701690688,6.23981788430323,4054.04956054688,57971.296875,4.13468859478007,4.67329406880162,283.080535888672,0.966707335886719,0,0,1.60948867176039,-0.101302971820687,0,0,0,0,4213.5278634354,57992.8461269809,283.538511214187,,4217.66255203018,57997.5194210497
7af29626468ebb9ba224a7ecfa792e6f,1,1,4058.00594462797,57975.9804469485,6.13097228779905,4054.04956054688,57971.296875,3.95638408109016,4.6835719485025,283.076477050781,1.02355125012326,0,0,1.44704619333232,-0.097313021743675,0,0,0,0,4213.5278634354,57992.8461269809,283.538511214187,,4217.48424751649,57997.5296989294
7af29626468ebb9ba224a7ecfa792e6f,1,1,4057.90391708809,57975.9888840349,6.0721506182022,4054.04956054688,57971.296875,3.85435654121011,4.69200903490128,283.076477050781,1.02355125012326,0,0,1.79796484049521,-0.116318741463343,0,0,0,0,4213.5278634354,57992.8461269809,283.538511214187,,4217.38221997661,57997.5381360158
7af29626468ebb9ba224a7ecfa792e6f,1,1,4057.77169024248,57976.0999120667,6.07646398289923,4054.04956054688,57971.296875,3.72212969559996,4.80303706669656,283.081848144531,1.04883764375443,0,0,1.5167963904986,-0.117905173575994,0,0,0,0,4213.5278634354,57992.8461269809,283.538511214187,,4217.249993131,57997.6491640476
7af29626468ebb9ba224a7ecfa792e6f,1,1,4057.66736061998,57976.110767802,6.0217971800588,4054.04956054688,57971.296875,3.61780007310017,4.81389280199801,283.081848144531,1.04883764375443,0,0,1.87789882886059,-0.142018401022894,0,0,0,0,4213.5278634354,57992.8461269809,283.538511214187,,4217.1456635085,57997.6600197829
7af29626468ebb9ba224a7ecfa792e6f,1,1,4057.4394687991,57976.0972884319,5.87668674305238,4054.04956054688,57971.296875,3.38990825221981,4.80041343189805,283.073760986328,1.1306853059701,0,0,1.55650482434043,-0.101943846786585,0,0,0,0,4213.5278634354,57992.8461269809,283.538511214187,,4216.91777168762,57997.6465404128
7af29626468ebb9ba224a7ecfa792e6f,1,1,4057.32686518289,57976.1074821233,5.8208819410377,4054.04956054688,57971.296875,3.27730463600983,4.81060712329781,283.073760986328,1.1306853059701,0,0,1.92378056720739,-0.122886649776395,0,0,0,0,4213.5278634354,57992.8461269809,283.538511214187,,4216.80516807141,57997.6567341042
7af29626468ebb9ba224a7ecfa792e6f,1,1,4057.15998271099,57976.0839589468,5.70884390682967,4054.04956054688,57971.296875,3.11042216410988,4.78708394680143,283.060791015625,1.16490961091135,0,0,1.57872733365548,-0.099089049167491,0,0,0,0,4213.5278634354,57992.8461269809,283.538511214187,,4216.63828559951,57997.6332109277
7af29626468ebb9ba224a7ecfa792e6f,1,1,4057.04391721114,57976.0934111012,5.65446110636345,4054.04956054688,57971.296875,2.99435666426007,4.79653610120295,283.060791015625,1.16490961091135,0,0,1.94968353319907,-0.11863620182089,0,0,0,0,4213.5278634354,57992.8461269809,283.538511214187,,4216.52222009966,57997.6426630821
7af29626468ebb9ba224a7ecfa792e6f,1,1,4056.95550038692,57976.2018041828,5.70112415598147,4054.04956054688,57971.296875,2.90593984003999,4.90492918279779,283.068725585938,1.15203441080849,0,0,1.58601339567567,-0.119610138454528,0,0,0,0,4213.5278634354,57992.8461269809,283.538511214187,,4216.43380327544,57997.7510561637
7af29626468ebb9ba224a7ecfa792e6f,1,1,4056.84091976482,57976.213648335,5.6538788730428,4054.04956054688,57971.296875,2.79135921793977,4.91677333499683,283.068725585938,1.15203441080849,0,0,1.95824597569179,-0.144227400383763,0,0,0,0,4213.5278634354,57992.8461269809,283.538511214187,,4216.31922265334,57997.7629003159
7af29626468ebb9ba224a7ecfa792e6f,1,1,4056.74406173945,57976.2859086711,5.6701669859048,4054.04956054688,57971.296875,2.69450119256999,4.98903367110324,283.074127197266,1.14436038033485,0,0,1.5917340059939,-0.132022562844189,0,0,0,0,4213.5278634354,57992.8461269809,283.538511214187,,4216.22236462797,57997.835160652
7af29626468ebb9ba224a7ecfa792e6f,1,1,4056.63602834511,57976.3242976651,5.6537416217189,4054.04956054688,57971.296875,2.58646779822993,5.02742266510177,283.077545166016,1.14251820523497,0,0,1.26993001881251,-0.114436917284149,0,0,0,0,4213.5278634354,57992.8461269809,283.538511214187,,4216.11433123363,57997.873549646
7af29626468ebb9ba224a7ecfa792e6f,1,1,4056.52157934659,57976.3381306948,5.61472491993918,4054.04956054688,57971.296875,2.47201879970999,5.04125569479947,283.077545166016,1.14251820523497,0,0,1.59932243135438,-0.140462290342663,0,0,0,0,4213.5278634354,57992.8461269809,283.538511214187,,4215.99988223511,57997.8873826757
7af29626468ebb9ba224a7ecfa792e6f,1,1,4056.42125509313,57976.3562171894,5.58765410614316,4054.04956054688,57971.296875,2.37169454625018,5.05934218940092,283.079986572266,1.13436252783192,0,0,1.27397896443453,-0.113974272022375,0,0,0,0,4213.5278634354,57992.8461269809,283.538511214187,,4215.89955798165,57997.9054691703
7af29626468ebb9ba224a7ecfa792e6f,1,1,4056.30861908159,57976.3697427733,5.55313721320614,4054.04956054688,57971.296875,2.25905853471022,5.07286777329864,283.079986572266,1.13436252783192,0,0,1.60119388401544,-0.13959380548605,0,0,0,0,4216.7562634354,57991.0474269809,283.544315460758,,4219.01532197011,57996.1202947542
7af29626468ebb9ba224a7ecfa792e6f,1,1,4056.2401354159,57976.3684890088,5.52448069152358,4054.04956054688,57971.296875,2.19057486902011,5.07161400879704,283.081787109375,1.10147638130679,0,0,1.27631288388069,-0.117815228266276,0,0,0,0,4216.7562634354,57991.0474269809,283.544315460758,,4218.94683830442,57996.1190409897
7af29626468ebb9ba224a7ecfa792e6f,1,1,4056.13077991242,57976.3814914625,5.494069404198,4054.04956054688,57971.296875,2.08121936554016,5.08461646250362,283.081787109375,1.10147638130679,0,0,1.60410630073924,-0.143682236703218,0,0,0,0,4216.7562634354,57991.0474269809,283.544315460758,,4218.83748280094,57996.1320434434
7af29626468ebb9ba224a7ecfa792e6f,1,1,4056.0677323501,57976.3951502522,5.48319505166742,4054.04956054688,57971.296875,2.01817180321996,5.09827525220317,283.083801269531,1.06847805522302,0,0,1.27915880975228,-0.115984281143482,0,0,0,0,4216.8883634354,57990.9748269809,283.544496361851,,4218.90653523862,57996.0731022331
7af29626468ebb9ba224a7ecfa792e6f,1,1,4055.96162484461,57976.4077524749,5.45683593685326,4054.04956054688,57971.296875,1.91206429773001,5.11087747490092,283.083801269531,1.06847805522302,0,0,1.60759636485319,-0.141688105759485,0,0,0,0,4216.8883634354,57990.9748269809,283.544496361851,,4218.80042773313,57996.0857044558
7af29626468ebb9ba224a7ecfa792e6f,1,1,4055.91962054039,57976.3985097003,5.43358086296533,4054.04956054688,57971.296875,1.87005999351004,5.10163470030238,283.084442138672,1.0207503960639,0,0,1.28022841471233,-0.119597749729237,0,0,0,0,4216.9531634354,57990.9450269809,283.544800743465,,4218.82322342891,57996.0466616812
7af29626468ebb9ba224a7ecfa792e6f,1,1,4055.81823912991,57976.4104311469,5.41079295458914,4054.04956054688,57971.296875,1.76867858303012,5.11355614689819,283.084442138672,1.0207503960639,0,0,1.60900200215278,-0.145562608041929,0,0,0,0,4216.9531634354,57990.9450269809,283.544800743465,,4218.72184201843,57996.0585831278
7af29626468ebb9ba224a7ecfa792e6f,1,1,4055.85425437062,57976.4047839521,5.417347474586,4054.04956054688,57971.296875,1.80469382373985,5.10790895210084,283.083984375,0.921095954153511,0,0,1.28144935100097,-0.121310101441933,0,0,0,0,4216.9531634354,57990.9450269809,283.544800743465,,4218.75785725914,57996.052935933
7af29626468ebb9ba224a7ecfa792e6f,1,1,4055.76277184799,57976.4156437075,5.39785939451307,4054.04956054688,57971.296875,1.71321130110982,5.11876870749984,283.083984375,0.921095954153511,0,0,1.61048285142132,-0.147690126923856,0,0,0,0,4216.9531634354,57990.9471269809,283.543885321817,,4218.66637473651,57996.0658956884
7af29626468ebb9ba224a7ecfa792e6f,1,1,4055.84950411743,57976.4202905239,5.43039441360099,4054.04956054688,57971.296875,1.79994357055011,5.12341552389989,283.085601806641,0.793243594199187,0,0,1.28338744646857,-0.117402639976282,0,0,0,0,4216.9531634354,57990.9471269809,283.543885321817,,4218.75310700595,57996.0705425048
7af29626468ebb9ba224a7ecfa792e6f,1,1,4055.7707347617,57976.4296758931,5.41369427342876,4054.04956054688,57971.296875,1.72117421482017,5.13280089310138,283.085601806641,0.793243594199187,0,0,1.61260368908388,-0.143634211763161,0,0,0,0,4216.9531634354,57990.9471269809,283.543885321817,,4218.67433765022,57996.079927874
7af29626468ebb9ba224a7ecfa792e6f,1,1,4055.87359982105,57976.4121229042,5.43073479332629,4054.04956054688,57971.296875,1.82403927416999,5.11524790419935,283.084503173828,0.661191979218184,0,0,1.2854634523002,-0.114432823400164,0,0,0,0,4216.9531634354,57990.9471269809,283.543885321817,,4218.77720270957,57996.0623748851
7af29626468ebb9ba224a7ecfa792e6f,1,1,4055.80791736059,57976.419708779,5.41620204682032,4054.04956054688,57971.296875,1.75835681371018,5.12283377900167,283.084503173828,0.661191979218184,0,0,1.61503910630581,-0.140083428704302,0,0,0,0,4216.9531634354,57990.9471269809,283.543885321817,,4218.71152024911,57996.0699607599
7af29626468ebb9ba224a7ecfa792e6f,1,1,4055.74223248169,57976.4272949332,5.40243898342215,4054.04956054688,57971.296875,1.69267193480982,5.13041993320076,283.084503173828,0.661191979218184,0,0,1.99304865547985,-0.168948063306646,0,0,0,0,4216.9531634354,57990.9471269809,283.543885321817,,4218.64583537021,57996.0775469141
7af29626468ebb9ba224a7ecfa792e6f,1,1,4055.8209697777,57976.3063028849,5.31340365462543,4054.04956054688,57971.296875,1.77140923082015,5.0094278848992,283.070068359375,0.554450226979256,0,0,1.61742963315791,-0.109386916636557,0,0,0,0,4216.9531634354,57990.9471269809,283.543885321817,,4218.72457266622,57995.9565548658
7af29626468ebb9ba224a7ecfa792e6f,1,1,4055.89601835407,57976.2422781495,5.27886528946929,4054.04956054688,57971.296875,1.84645780718984,4.945403149497,283.055938720703,0.456082508448707,0,0,1.28964021403472,-0.06813928663633,0,0,0,0,4216.9531634354,57990.9471269809,283.543885321817,,4218.79962124259,57995.8925301304
7af29626468ebb9ba224a7ecfa792e6f,1,1,4055.85051973926,57976.2454131821,5.26606913669578,4054.04956054688,57971.296875,1.80095919238011,4.94853818209958,283.055938720703,0.456082508448707,0,0,1.62047215246768,-0.083584837288692,0,0,0,0,4216.9531634354,57990.9471269809,283.543885321817,,4218.75412262778,57995.895665163
7af29626468ebb9ba224a7ecfa792e6f,1,1,4056.02356089782,57976.3183202853,5.39551574357214,4054.04956054688,57971.296875,1.97400035094006,5.02144528530334,283.058837890625,0.303972072772097,0,0,1.28946401030509,-0.085288171738115,0,0,0,0,4216.9531634354,57990.9471269809,283.543885321817,,4218.92716378634,57995.9685722662
7af29626468ebb9ba224a7ecfa792e6f,1,1,4055.99326508901,57976.3208199524,5.38683675560098,4054.04956054688,57971.296875,1.94370454213004,5.02394495240151,283.058837890625,0.303972072772097,0,0,1.62031433232191,-0.104159842074604,0,0,0,0,4216.9462634354,57990.9736269809,283.539980312287,,4218.88996797753,57995.9975719333
7af29626468ebb9ba224a7ecfa792e6f,1,1,4055.9724068383,57976.2841876758,5.34514972534185,4054.04956054688,57971.296875,1.92284629141977,4.98731267580297,283.046234130859,0.294762456319314,0,0,1.29266169569685,-0.066835538428869,0,0,0,0,4216.9462634354,57990.9736269809,283.539980312287,,4218.86910972682,57995.9609396567
7af29626468ebb9ba224a7ecfa792e6f,1,1,4055.94299497531,57976.2861776784,5.33650027182817,4054.04956054688,57971.296875,1.89343442842983,4.98930267839751,283.046234130859,0.294762456319314,0,0,1.62412808543388,-0.082129724957553,0,0,0,0,4216.9465634354,57990.9792269809,283.539919558497,,4218.83999786383,57995.9685296593
7af29626468ebb9ba224a7ecfa792e6f,1,1,4055.91358118573,57976.2881678113,5.32799933094424,4054.04956054688,57971.296875,1.86402063884998,4.99129281129717,283.046234130859,0.294762456319314,0,0,2.00425349423081,-0.099351723895442,0,0,0,0,4216.9465634354,57990.9792269809,283.539919558497,,4218.81058407425,57995.9705197922
7af29626468ebb9ba224a7ecfa792e6f,1,1,4055.92156173157,57976.2686787796,5.31255317694502,4054.04956054688,57971.296875,1.87200118468991,4.97180377959739,283.033355712891,0.268578541248223,0,0,1.62933142745348,-0.072176867228303,0,0,0,0,4216.9465634354,57990.9792269809,283.539919558497,,4218.81856462009,57995.9510307605
