Object ID,Label,Probability,Object X,Object Y,Object Z,Vx,Vy,Vz,Covariance_00,Covariance_01,Covariance_02,Covariance_03,Covariance_04,Covariance_05,Self Position X,Self Position Y,Self Position Z
8919632e3e824350ec5c0cd8a31749f4,1,1,4056.44245692057,57976.8081068999,283.032836914062,-0.344212844117874,0,0,1.67947970238282,-0.166798310344745,0,0,0,0,4054.3238634354,57971.7898269809,283.713454164396
8919632e3e824350ec5c0cd8a31749f4,1,1,4056.53563550816,57976.7890985552,283.038635253906,-0.386499120892098,0,0,1.35846951530456,-0.132862094103323,0,0,0,0,4054.3238634354,57971.7898269809,283.713454164396
8919632e3e824350ec5c0cd8a31749f4,1,1,4056.57398851727,57976.7842951591,283.038635253906,-0.386499120892098,0,0,1.69736477538624,-0.161542298535987,0,0,0,0,4054.3238634354,57971.7898269809,283.713454164396
8919632e3e824350ec5c0cd8a31749f4,1,1,4056.69746062594,57976.7849961845,283.035308837891,-0.445186207851788,0,0,1.36577962665115,-0.139190313772704,0,0,0,0,4054.3918634354,57971.8850269809,283.711933726792
8919632e3e824350ec5c0cd8a31749f4,1,1,4056.74165036687,57976.7793973772,283.035308837891,-0.445186207851788,0,0,1.70664561786981,-0.168705441105494,0,0,0,0,4054.3918634354,57971.8850269809,283.711933726792
8919632e3e824350ec5c0cd8a31749f4,1,1,4056.78578652395,57976.7738053589,283.035308837891,-0.445186207851788,0,0,2.09495549511702,-0.201686234393887,0,0,0,0,4054.4840634354,57972.0130269809,283.707973773862
8919632e3e824350ec5c0cd8a31749f4,1,1,4056.95376576128,57976.7709197845,283.039123535156,-0.525488140598839,0,0,1.71583261164229,-0.162443250143163,0,0,0,0,4054.4840634354,57972.0130269809,283.707973773862
8919632e3e824350ec5c0cd8a31749f4,1,1,4057.00592375938,57976.7645141584,283.039123535156,-0.525488140598839,0,0,2.10630110360501,-0.194430789548159,0,0,0,0,4054.4840634354,57972.0130269809,283.707973773862
8919632e3e824350ec5c0cd8a31749f4,1,1,4057.33489039059,57976.8201983901,283.055908203125,-0.702438406569958,0,0,1.53995290359981,-0.157698531204314,0,0,0,0,4054.6093634354,57972.1898269809,283.704108140037
8919632e3e824350ec5c0cd8a31749f4,1,1,4057.40464096454,57976.8118828601,283.055908203125,-0.702438406569958,0,0,1.9209176131522,-0.190498503167658,0,0,0,0,4054.6093634354,57972.1898269809,283.704108140037
8919632e3e824350ec5c0cd8a31749f4,1,1,4057.54200394299,57976.7388587505,283.06396484375,-0.75398363060849,0,0,1.49485797495931,-0.145776798900946,0,0,0,0,4054.7752634354,57972.4262269809,283.70161918504
8919632e3e824350ec5c0cd8a31749f4,1,1,4057.61683642054,57976.7296154635,283.06396484375,-0.75398363060849,0,0,1.86994171111939,-0.177950906455117,0,0,0,0,4054.7752634354,57972.4262269809,283.70161918504
8919632e3e824350ec5c0cd8a31749f4,1,1,4057.84059742819,57976.6745915623,283.073760986328,-0.863605629562993,0,0,1.47251500442839,-0.149650131135837,0,0,0,0,4054.7752634354,57972.4262269809,283.70161918504
8919632e3e824350ec5c0cd8a31749f4,1,1,4057.92624678989,57976.6635557392,283.073760986328,-0.863605629562993,0,0,1.84215970254894,-0.18248076097198,0,0,0,0,4054.7752634354,57972.4262269809,283.70161918504
8919632e3e824350ec5c0cd8a31749f4,1,1,4058.34859185153,57976.6626126166,283.084564208984,-1.10288051535847,0,0,1.45319459084595,-0.15240191080479,0,0,0,0,4054.7752634354,57972.4262269809,283.70161918504
8919632e3e824350ec5c0cd8a31749f4,1,1,4058.45800203891,57976.6488747222,283.084564208984,-1.10288051535847,0,0,1.81710998193436,-0.184125033155993,0,0,0,0,4055.2515634354,57973.1078269809,283.690030859466
8919632e3e824350ec5c0cd8a31749f4,1,1,4058.68277716845,57976.5308153705,283.086120605469,-1.19369747984496,0,0,1.43133291898729,-0.166221343150148,0,0,0,0,4055.2515634354,57973.1078269809,283.690030859466
8919632e3e824350ec5c0cd8a31749f4,1,1,4058.80085511351,57976.5132709036,283.086120605469,-1.19369747984496,0,0,1.78852611032067,-0.201760658579268,0,0,0,0,4055.2515634354,57973.1078269809,283.690030859466
8919632e3e824350ec5c0cd8a31749f4,1,1,4059.07768879534,57976.4491901314,283.082366943359,-1.30582592905304,0,0,1.59814731001238,-0.187708844183196,0,0,0,0,4055.5940634354,57973.5936269809,283.681177980403
8919632e3e824350ec5c0cd8a31749f4,1,1,4059.47931126825,57976.456215628,283.091461181641,-1.498062351605,0,0,1.32939303686726,-0.155028319614292,0,0,0,0,4055.5940634354,57973.5936269809,283.681177980403
8919632e3e824350ec5c0cd8a31749f4,1,1,4059.6275325461,57976.4344611623,283.091461181641,-1.498062351605,0,0,1.66566971666914,-0.186942185109691,0,0,0,0,4055.5940634354,57973.5936269809,283.681177980403
8919632e3e824350ec5c0cd8a31749f4,1,1,4059.84618106473,57976.34348415,283.099609375,-1.55457759601849,0,0,1.35200061363598,-0.165735458364406,0,0,0,0,4055.5940634354,57973.5936269809,283.681177980403
8919632e3e824350ec5c0cd8a31749f4,1,1,4059.99961260177,57976.3184151696,283.099609375,-1.55457759601849,0,0,1.6902167593486,-0.200552682721669,0,0,0,0,4055.5940634354,57973.5936269809,283.681177980403
8919632e3e824350ec5c0cd8a31749f4,1,1,4060.31763565848,57976.2115343929,283.100433349609,-1.67820137997436,0,0,1.3610094820756,-0.167822812031864,0,0,0,0,4055.5940634354,57973.5936269809,283.681177980403
8919632e3e824350ec5c0cd8a31749f4,1,1,4060.48293384269,57976.1825444247,283.100433349609,-1.67820137997436,0,0,1.69980172342978,-0.203855549370961,0,0,0,0,4055.5940634354,57973.5936269809,283.681177980403
8919632e3e824350ec5c0cd8a31749f4,1,1,4060.80785092074,57976.1758170096,283.105194091797,-1.78568416014518,0,0,1.35656126405832,-0.181777556037465,0,0,0,0,4057.2462634354,57975.8666269809,283.668735033906
8919632e3e824350ec5c0cd8a31749f4,1,1,4060.98386080049,57976.1456931176,283.105194091797,-1.78568416014518,0,0,1.69524830438805,-0.218593910417164,0,0,0,0,4057.2462634354,57975.8666269809,283.668735033906
8919632e3e824350ec5c0cd8a31749f4,1,1,4061.20284057295,57976.1754657098,283.110534667969,-1.80862198920193,0,0,1.36444460520021,-0.170190051471905,0,0,0,0,4057.2462634354,57975.8666269809,283.668735033906
8919632e3e824350ec5c0cd8a31749f4,1,1,4061.38149658954,57976.1472697251,283.110534667969,-1.80862198920193,0,0,1.70508988256053,-0.204086951929932,0,0,0,0,4058.0116634354,57976.8822269809,283.665222981233
8919632e3e824350ec5c0cd8a31749f4,1,1,4061.50747484387,57976.1582705545,283.114929199219,-1.76809614422085,0,0,1.36959659729263,-0.16459733282094,0,0,0,0,4058.0116634354,57976.8822269809,283.665222981233
8919632e3e824350ec5c0cd8a31749f4,1,1,4061.68224066533,57976.1315062641,283.114929199219,-1.76809614422085,0,0,1.71139166901916,-0.197562108093771,0,0,0,0,4058.8760634354,57978.0037269809,283.664585889559
8919632e3e824350ec5c0cd8a31749f4,1,1,4061.73677328234,57976.1009282524,283.117614746094,-1.68507940172455,0,0,1.36499843613045,-0.179368582585615,0,0,0,0,4058.8760634354,57978.0037269809,283.664585889559
8919632e3e824350ec5c0cd8a31749f4,1,1,4061.90302569986,57976.0734309287,283.117614746094,-1.68507940172455,0,0,1.70605095952788,-0.215734099100543,0,0,0,0,4058.8760634354,57978.0037269809,283.664585889559
8919632e3e824350ec5c0cd8a31749f4,1,1,4061.79154248546,57976.0125455243,283.117248535156,-1.49543326387242,0,0,1.36763101779005,-0.165764926918669,0,0,0,0,4059.8147634354,57979.1921269809,283.661297872118
8919632e3e824350ec5c0cd8a31749f4,1,1,4061.9387614478,57975.9862512926,283.117248535156,-1.49543326387242,0,0,1.70861108969573,-0.202634806056531,0,0,0,0,4059.8147634354,57979.1921269809,283.661297872118
8919632e3e824350ec5c0cd8a31749f4,1,1,4061.88070641127,57975.9436109046,283.119812011719,-1.35573942058775,0,0,1.36544832822134,-0.185039295933418,0,0,0,0,4060.8539634354,57980.4790269809,283.654567319062
8919632e3e824350ec5c0cd8a31749f4,1,1,4062.01386368423,57975.9181198124,283.119812011719,-1.35573942058775,0,0,1.70589834850836,-0.225964359021861,0,0,0,0,4060.8539634354,57980.4790269809,283.654567319062
8919632e3e824350ec5c0cd8a31749f4,1,1,4061.9829648252,57975.9026072545,283.119537353516,-1.24584466909845,0,0,1.54165259527007,-0.203436057706216,0,0,0,0,4060.8539634354,57980.4790269809,283.654567319062
8919632e3e824350ec5c0cd8a31749f4,1,1,4061.97374490789,57975.8813791291,283.123229980469,-1.15674655699392,0,0,1.4448472394414,-0.18861571598676,0,0,0,0,4060.8539634354,57980.4790269809,283.654567319062
8919632e3e824350ec5c0cd8a31749f4,1,1,4062.08727763271,57975.859215872,283.123229980469,-1.15674655699392,0,0,1.78844392029359,-0.227910360178032,0,0,0,0,4060.8539634354,57980.4790269809,283.654567319062
8919632e3e824350ec5c0cd8a31749f4,1,1,4062.06272528215,57975.9089477113,283.125030517578,-1.05593570418367,0,0,1.39955628031199,-0.208159994895708,0,0,0,0,4063.1857634354,57983.2477269809,283.639897871766
8919632e3e824350ec5c0cd8a31749f4,1,1,4062.1664195039,57975.8889929572,283.125030517578,-1.05593570418367,0,0,1.75303763261247,-0.253882637472642,0,0,0,0,4063.1857634354,57983.2477269809,283.639897871766
8919632e3e824350ec5c0cd8a31749f4,1,1,4062.06206106495,57975.9092523834,283.126312255859,-0.906887982678057,0,0,1.40387551527096,-0.216790391750666,0,0,0,0,4063.1857634354,57983.2477269809,283.639897871766
8919632e3e824350ec5c0cd8a31749f4,1,1,4062.15106091559,57975.8917909161,283.126312255859,-0.906887982678057,0,0,1.75952488755025,-0.264301350371901,0,0,0,0,4063.1857634354,57983.2477269809,283.639897871766
8919632e3e824350ec5c0cd8a31749f4,1,1,4062.06331942893,57975.8908344791,283.126373291016,-0.78616536737282,0,0,1.59197721530132,-0.239983344711559,0,0,0,0,4063.1857634354,57983.2477269809,283.639897871766
8919632e3e824350ec5c0cd8a31749f4,1,1,4061.81098856192,57975.8469937937,283.119720458984,-0.554325743151891,0,0,1.32381290621985,-0.216384222857078,0,0,0,0,4065.7553634354,57986.1709269809,283.632471271843
8919632e3e824350ec5c0cd8a31749f4,1,1,4061.86514022912,57975.8351432654,283.119720458984,-0.554325743151891,0,0,1.66146076291988,-0.265373656441477,0,0,0,0,4065.7553634354,57986.1709269809,283.632471271843
8919632e3e824350ec5c0cd8a31749f4,1,1,4061.72467982987,57975.8060003407,283.111480712891,-0.424781186671722,0,0,1.5203743391954,-0.24408360529977,0,0,0,0,4065.7553634354,57986.1709269809,283.632471271843
8919632e3e824350ec5c0cd8a31749f4,1,1,4061.76611517953,57975.7966363673,283.111480712891,-0.424781186671722,0,0,1.88008776592437,-0.295305729459393,0,0,0,0,4065.7553634354,57986.1709269809,283.632471271843
8919632e3e824350ec5c0cd8a31749f4,1,1,4061.56903511035,57975.7766761447,283.106353759766,-0.269226200171826,0,0,1.60008087892631,-0.253168482030614,0,0,0,0,4065.7553634354,57986.1709269809,283.632471271843
8919632e3e824350ec5c0cd8a31749f4,1,1,4061.16535293769,57975.7632514213,283.10400390625,0.026868022057577,0,0,1.26857140269582,-0.252612421232523,0,0,0,0,4068.4654634354,57989.1109269809,283.621262814889
8919632e3e824350ec5c0cd8a31749f4,1,1,4061.16274968227,57975.76391658,283.10400390625,0.026868022057577,0,0,1.59045172866683,-0.307433692587253,0,0,0,0,4068.4654634354,57989.1109269809,283.621262814889
8919632e3e824350ec5c0cd8a31749f4,1,1,4061.0050300735,57975.7514581473,283.099853515625,0.130742945619227,0,0,1.29486375592504,-0.231713082996545,0,0,0,0,4068.4654634354,57989.1109269809,283.621262814889
8919632e3e824350ec5c0cd8a31749f4,1,1,4060.992324611,57975.7545453856,283.099853515625,0.130742945619227,0,0,1.62059854365974,-0.283752968589241,0,0,0,0,4068.4654634354,57989.1109269809,283.621262814889
8919632e3e824350ec5c0cd8a31749f4,1,1,4060.73298873581,57975.7542730639,283.103302001953,0.297751147827327,0,0,1.3149895774806,-0.231538601210225,0,0,0,0,4068.4654634354,57989.1109269809,283.621262814889
8919632e3e824350ec5c0cd8a31749f4,1,1,4060.70401196262,57975.7611176013,283.103302001953,0.297751147827327,0,0,1.64438993862771,-0.283089033575155,0,0,0,0,4071.2151634354,57991.8818269809,283.605773927677
8919632e3e824350ec5c0cd8a31749f4,1,1,4060.60544607423,57975.7673066318,283.106750488281,0.344804926256929,0,0,1.31804887274539,-0.247109837835056,0,0,0,0,4071.2151634354,57991.8818269809,283.605773927677
8919632e3e824350ec5c0cd8a31749f4,1,1,4060.57193120577,57975.7754004595,283.106750488281,0.344804926256929,0,0,1.64855520812203,-0.300692163130266,0,0,0,0,4071.2151634354,57991.8818269809,283.605773927677
8919632e3e824350ec5c0cd8a31749f4,1,1,4060.48557992789,57975.780684252,283.109710693359,0.380219423131757,0,0,1.32514925893785,-0.24881215005464,0,0,0,0,4072.5994634354,57993.1962269809,283.595935605108
8919632e3e824350ec5c0cd8a31749f4,1,1,4060.44861300972,57975.7896091251,283.109710693359,0.380219423131757,0,0,1.65722266044252,-0.302659684612277,0,0,0,0,4072.5994634354,57993.1962269809,283.595935605108
8919632e3e824350ec5c0cd8a31749f4,1,1,4060.38047076502,57975.8081826451,283.113464355469,0.403166406634467,0,0,1.33249469542493,-0.233669997323693,0,0,0,0,4074.0135634354,57994.4995269809,283.587439818405
8919632e3e824350ec5c0cd8a31749f4,1,1,4060.3411949124,57975.8172872175,283.113464355469,0.403166406634467,0,0,1.66597978975296,-0.285153279760874,0,0,0,0,4074.0135634354,57994.4995269809,283.587439818405
8919632e3e824350ec5c0cd8a31749f4,1,1,4060.30905068605,57975.7865025473,283.113800048828,0.391313186075158,0,0,1.33897160130077,-0.232874610078343,0,0,0,0,4074.0135634354,57994.4995269809,283.587439818405
8919632e3e824350ec5c0cd8a31749f4,1,1,4060.27086128237,57975.7951099845,283.113800048828,0.391313186075158,0,0,1.67417591555301,-0.283641089004235,0,0,0,0,4075.4149634354,57995.7477269809,283.582603272563
8919632e3e824350ec5c0cd8a31749f4,1,1,4060.26572309139,57975.7660552518,283.114013671875,0.362419340740954,0,0,1.34546012470039,-0.224439725283055,0,0,0,0,4075.4149634354,57995.7477269809,283.582603272563
8919632e3e824350ec5c0cd8a31749f4,1,1,4060.23029918339,57975.7737129054,283.114013671875,0.362419340740954,0,0,1.68189870519608,-0.273399679765208,0,0,0,0,4076.8173634354,57996.9634269809,283.579809798988
8919632e3e824350ec5c0cd8a31749f4,1,1,4060.2283094152,57975.6540887427,283.11279296875,0.318768320185489,0,0,1.35178256641229,-0.214409162031527,0,0,0,0,4076.8173634354,57996.9634269809,283.579809798988
8919632e3e824350ec5c0cd8a31749f4,1,1,4060.19704993423,57975.6603532022,283.11279296875,0.318768320185489,0,0,1.68993157172338,-0.260566081432342,0,0,0,0,4076.8173634354,57996.9634269809,283.579809798988
8919632e3e824350ec5c0cd8a31749f4,1,1,4060.2472982311,57975.6600877407,283.112518310547,0.261765574552358,0,0,1.35481953542527,-0.210958551317527,0,0,0,0,4076.8173634354,57996.9634269809,283.579809798988
8919632e3e824350ec5c0cd8a31749f4,1,1,4060.22161269637,57975.6651665427,283.112518310547,0.261765574552358,0,0,1.69359950306497,-0.256543776057473,0,0,0,0,4076.8173634354,57996.9634269809,283.579809798988
8919632e3e824350ec5c0cd8a31749f4,1,1,4060.22508602047,57975.6146966441,283.108520507812,0.234646728391345,0,0,1.53255690792493,-0.216925250457083,0,0,0,0,4079.6975634354,57999.3236269809,283.567658847527
8919632e3e824350ec5c0cd8a31749f4,1,1,4060.25249575925,57975.5631831805,283.107696533203,0.191414168976098,0,0,1.28418436313414,-0.178644129203761,0,0,0,0,4079.6975634354,57999.3236269809,283.567658847527
8919632e3e824350ec5c0cd8a31749f4,1,1,4060.23365145352,57975.5665431438,283.107696533203,0.191414168976098,0,0,1.61006709867466,-0.217550849170757,0,0,0,0,4079.6975634354,57999.3236269809,283.567658847527
8919632e3e824350ec5c0cd8a31749f4,1,1,4060.27341735768,57975.5218333634,283.108612060547,0.144288115728717,0,0,1.31987422049376,-0.176823463071629,0,0,0,0,4079.6975634354,57999.3236269809,283.567658847527
8919632e3e824350ec5c0cd8a31749f4,1,1,4060.25919209845,57975.52425576,283.108612060547,0.144288115728717,0,0,1.65157708892322,-0.215028445792247,0,0,0,0,4079.6975634354,57999.3236269809,283.567658847527
8919632e3e824350ec5c0cd8a31749f4,1,1,4060.31326766974,57975.5033752044,283.105682373047,0.095836524301292,0,0,1.50624194701319,-0.188955705423677,0,0,0,0,4082.6009634354,58001.5146269809,283.557147688831
8919632e3e824350ec5c0cd8a31749f4,1,1,4060.35376445476,57975.466155136,283.105224609375,0.055948316540348,0,0,1.26780587299953,-0.162019551193549,0,0,0,0,4082.6009634354,58001.5146269809,283.557147688831
8919632e3e824350ec5c0cd8a31749f4,1,1,4060.34824169479,57975.4670503123,283.105224609375,0.055948316540348,0,0,1.58953233304445,-0.196912673250059,0,0,0,0,4082.6009634354,58001.5146269809,283.557147688831
8919632e3e824350ec5c0cd8a31749f4,1,1,4060.45251418542,57975.4377509487,283.102691650391,-0.024008358095783,0,0,1.30780363949916,-0.160034205450906,0,0,0,0,4082.6009634354,58001.5146269809,283.557147688831
8919632e3e824350ec5c0cd8a31749f4,1,1,4060.45488634755,57975.4373822153,283.102691650391,-0.024008358095783,0,0,1.63638034755573,-0.194479870304399,0,0,0,0,4082.6009634354,58001.5146269809,283.557147688831
8919632e3e824350ec5c0cd8a31749f4,1,1,4060.61278893021,57975.3862279921,283.101470947266,-0.137777783476772,0,0,1.13558813861983,-0.018797118951222,0,0,0,0,4085.5473634354,58003.5509269809,283.549192790411
8919632e3e824350ec5c0cd8a31749f4,1,1,4060.62653798296,57975.3853353859,283.101470947266,-0.137777783476772,0,0,1.44045674742698,-0.029390902515235,0,0,0,0,4085.5473634354,58003.5509269809,283.549192790411
8919632e3e824350ec5c0cd8a31749f4,1,1,4060.64559396184,57975.359183081,283.093994140625,-0.144697543087727,0,0,1.22872977600724,-0.072935267301458,0,0,0,0,4085.5473634354,58003.5509269809,283.549192790411
8919632e3e824350ec5c0cd8a31749f4,1,1,4060.66004399785,57975.3581008236,283.093994140625,-0.144697543087727,0,0,1.55286934707492,-0.089640862179251,0,0,0,0,4087.0221634354,58004.5044269809,283.542328234721
8919632e3e824350ec5c0cd8a31749f4,1,1,4060.68666729199,57975.3484005696,283.090667724609,-0.153826754102708,0,0,1.45561470541018,-0.11110043249578,0,0,0,0,4087.0221634354,58004.5044269809,283.542328234721
8919632e3e824350ec5c0cd8a31749f4,1,1,4060.9465264791,57975.3677095947,283.088836669922,-0.331581371032512,0,0,1.23720961851292,-0.126454221978004,0,0,0,0,4088.5319634354,58005.4351269809,283.538636748851
8919632e3e824350ec5c0cd8a31749f4,1,1,4060.9794852424,57975.3640897159,283.088836669922,-0.331581371032512,0,0,1.55914126622138,-0.151515302772639,0,0,0,0,4088.5319634354,58005.4351269809,283.538636748851
8919632e3e824350ec5c0cd8a31749f4,1,1,4061.02681658548,57975.2942494583,283.085174560547,-0.345333867047493,0,0,1.29974762609538,-0.141398485592365,0,0,0,0,4088.5319634354,58005.4351269809,283.538636748851
8919632e3e824350ec5c0cd8a31749f4,1,1,4061.06109233915,57975.2900437495,283.085174560547,-0.345333867047493,0,0,1.63041351250049,-0.169773182356302,0,0,0,0,4090.0221634354,58006.3151269809,283.53372184108
8919632e3e824350ec5c0cd8a31749f4,1,1,4061.20477939012,57975.2524256664,283.079315185547,-0.425036935371564,0,0,1.3258220432028,-0.156149194083713,0,0,0,0,4090.0221634354,58006.3151269809,283.53372184108
8919632e3e824350ec5c0cd8a31749f4,1,1,4061.24690094357,57975.2467304081,283.079315185547,-0.425036935371564,0,0,1.65976649333381,-0.187568727738263,0,0,0,0,4091.5514634354,58007.1732269809,283.528958843015
8919632e3e824350ec5c0cd8a31749f4,1,1,4061.38942767444,57975.2193546552,283.073883056641,-0.497161644086415,0,0,1.34023541308336,-0.163231754306163,0,0,0,0,4091.5514634354,58007.1732269809,283.528958843015
8919632e3e824350ec5c0cd8a31749f4,1,1,4061.43864244328,57975.2122810773,283.073883056641,-0.497161644086415,0,0,1.6761860691073,-0.196523095935178,0,0,0,0,4091.5514634354,58007.1732269809,283.528958843015
8919632e3e824350ec5c0cd8a31749f4,1,1,4061.5621533931,57975.1758946614,283.063720703125,-0.54918367836025,0,0,1.51342239012282,-0.185894026717619,0,0,0,0,4093.0690634354,58007.9874269809,283.523552671212
8919632e3e824350ec5c0cd8a31749f4,1,1,4061.66451855962,57975.1254732331,283.052368164062,-0.586767570080852,0,0,1.26704270387431,-0.170425266636957,0,0,0,0,4093.0690634354,58007.9874269809,283.523552671212
8919632e3e824350ec5c0cd8a31749f4,1,1,4061.72239028142,57975.1157797531,283.052368164062,-0.586767570080852,0,0,1.58908559539892,-0.206318105297938,0,0,0,0,4094.6282634354,58008.7795269809,283.520098973656
8919632e3e824350ec5c0cd8a31749f4,1,1,4062.00779168301,57975.1334029612,283.054992675781,-0.743636967841603,0,0,1.29931705061811,-0.18339606194215,0,0,0,0,4094.6282634354,58008.7795269809,283.520098973656
8919632e3e824350ec5c0cd8a31749f4,1,1,4062.08110324139,57975.1209276145,283.054992675781,-0.743636967841603,0,0,1.62702748220221,-0.221077787993208,0,0,0,0,4094.6282634354,58008.7795269809,283.520098973656
8919632e3e824350ec5c0cd8a31749f4,1,1,4062.27608497335,57975.0521044698,283.053924560547,-0.833884601113276,0,0,1.31836905476485,-0.192655493211022,0,0,0,0,4096.1657634354,58009.5270269809,283.519358898077
8919632e3e824350ec5c0cd8a31749f4,1,1,4062.35812814646,57975.0371327619,283.053924560547,-0.833884601113276,0,0,1.6493869834745,-0.232931190079782,0,0,0,0,4096.1657634354,58009.5270269809,283.519358898077
8919632e3e824350ec5c0cd8a31749f4,1,1,4062.52581249725,57974.9417752008,283.050689697266,-0.901933140106168,0,0,1.3313876880113,-0.195394778419808,0,0,0,0,4097.7346634354,58010.2508269809,283.51611553241
8919632e3e824350ec5c0cd8a31749f4,1,1,4062.61436543387,57974.9246259285,283.050689697266,-0.901933140106168,0,0,1.66462330942437,-0.237522468641875,0,0,0,0,4097.7346634354,58010.2508269809,283.51611553241
8919632e3e824350ec5c0cd8a31749f4,1,1,4062.76689838764,57974.9345712491,283.053375244141,-0.941301176918484,0,0,1.5081204970567,-0.213410100979177,0,0,0,0,4097.7346634354,58010.2508269809,283.51611553241
8919632e3e824350ec5c0cd8a31749f4,1,1,4062.91693573974,57974.9094766792,283.054626464844,-0.982698032077125,0,0,1.2601351160276,-0.195739049280424,0,0,0,0,4099.2774634354,58010.9322269809,283.511557531521
8919632e3e824350ec5c0cd8a31749f4,1,1,4063.01335426307,57974.8903723446,283.054626464844,-0.982698032077125,0,0,1.58104210174606,-0.237157400031471,0,0,0,0,4099.2774634354,58010.9322269809,283.511557531521
8919632e3e824350ec5c0cd8a31749f4,1,1,4063.1405608498,57974.8431807874,283.055450439453,-1.0077210136164,0,0,1.29032827934101,-0.214175983121179,0,0,0,0,4100.8508634354,58011.5929269809,283.506357963388
8919632e3e824350ec5c0cd8a31749f4,1,1,4063.2390400169,57974.8223628487,283.055450439453,-1.0077210136164,0,0,1.61565852933932,-0.259236766644156,0,0,0,0,4100.8508634354,58011.5929269809,283.506357963388
8919632e3e824350ec5c0cd8a31749f4,1,1,4063.36648563892,57974.7697262323,283.048614501953,-1.03195901286884,0,0,1.30740588368277,-0.225916028687544,0,0,0,0,4100.8508634354,58011.5929269809,283.506357963388
8919632e3e824350ec5c0cd8a31749f4,1,1,4063.46720390121,57974.7472365018,283.048614501953,-1.03195901286884,0,0,1.6359599970049,-0.273765226522726,0,0,0,0,4100.8508634354,58011.5929269809,283.506357963388
8919632e3e824350ec5c0cd8a31749f4,1,1,4063.50878086445,57974.6210945891,283.035614013672,-1.0063718722165,0,0,1.3106065181859,-0.24515168657294,0,0,0,0,4100.8508634354,58011.5929269809,283.506357963388
8919632e3e824350ec5c0cd8a31749f4,1,1,4063.60635739025,57974.5964948747,283.035614013672,-1.0063718722165,0,0,1.63907606089707,-0.298404302765068,0,0,0,0,4103.9784634354,58012.8135269809,283.499310544854
8919632e3e824350ec5c0cd8a31749f4,1,1,4063.58778097085,57974.5357280806,283.0166015625,-0.933388038626891,0,0,1.31312418087834,-0.257245312851368,0,0,0,0,4103.9784634354,58012.8135269809,283.499310544854
8919632e3e824350ec5c0cd8a31749f4,1,1,4063.67786965126,57974.5116481784,283.0166015625,-0.933388038626891,0,0,1.64161043960184,-0.313676608175709,0,0,0,0,4103.9784634354,58012.8135269809,283.499310544854
8919632e3e824350ec5c0cd8a31749f4,1,1,4063.87524042425,57974.4797593196,283.016754150391,-1.00734897891548,0,0,1.31134282596435,-0.268363165209888,0,0,0,0,4105.5334634354,58013.3632269809,283.495112347985
8919632e3e824350ec5c0cd8a31749f4,1,1,4063.97248248338,57974.4534651671,283.016754150391,-1.00734897891548,0,0,1.64061918357692,-0.326139468971947,0,0,0,0,4105.5334634354,58013.3632269809,283.495112347985
8919632e3e824350ec5c0cd8a31749f4,1,1,4064.13373363911,57974.4748314391,283.017120361328,-1.04173804055281,0,0,1.32052193145436,-0.256275723928451,0,0,0,0,4107.1191634354,58013.8831269809,283.491065585656
8919632e3e824350ec5c0cd8a31749f4,1,1,4064.26846427291,57974.4661200849,283.008361816406,-1.06205703304545,0,0,1.1878428014006,-0.223496827929466,0,0,0,0,4107.1191634354,58013.8831269809,283.491065585656
8919632e3e824350ec5c0cd8a31749f4,1,1,4064.3714736463,57974.4402027522,283.008361816406,-1.06205703304545,0,0,1.49683607001174,-0.272104352395422,0,0,0,0,4107.1191634354,58013.8831269809,283.491065585656
8919632e3e824350ec5c0cd8a31749f4,1,1,4064.50073409034,57974.4424233725,283.015106201172,-1.07515031469555,0,0,1.25471560274933,-0.229934700251022,0,0,0,0,4108.6823634354,58014.3589269809,283.491197307624
8919632e3e824350ec5c0cd8a31749f4,1,1,4064.60517481969,57974.4168958089,283.015106201172,-1.07515031469555,0,0,1.57446924805672,-0.279445668524561,0,0,0,0,4108.6823634354,58014.3589269809,283.491197307624
8919632e3e824350ec5c0cd8a31749f4,1,1,4064.71683084545,57974.4271724289,283.021087646484,-1.07385137296776,0,0,1.29082225071868,-0.232343295251041,0,0,0,0,4110.2721634354,58014.8045269809,283.489679862817
8919632e3e824350ec5c0cd8a31749f4,1,1,4064.82131460997,57974.4023788789,283.021087646484,-1.07385137296776,0,0,1.61652314555658,-0.281862597454323,0,0,0,0,4110.2721634354,58014.8045269809,283.489679862817
8919632e3e824350ec5c0cd8a31749f4,1,1,4064.92673553431,57974.4231952908,283.019561767578,-1.06682271352829,0,0,1.31094780328425,-0.230111990967815,0,0,0,0,4110.2721634354,58014.8045269809,283.489679862817
8919632e3e824350ec5c0cd8a31749f4,1,1,4065.03074406486,57974.3994412351,283.019561767578,-1.06682271352829,0,0,1.64037058242894,-0.278778895182807,0,0,0,0,4111.8342634354,58015.2092269809,283.487976986976
8919632e3e824350ec5c0cd8a31749f4,1,1,4065.1305525326,57974.4109144362,283.024169921875,-1.05829846713135,0,0,1.32116610761492,-0.231117461288874,0,0,0,0,4111.8342634354,58015.2092269809,283.487976986976
8919632e3e824350ec5c0cd8a31749f4,1,1,4065.23380770007,57974.387789777,283.024169921875,-1.05829846713135,0,0,1.65272244076052,-0.279640988518683,0,0,0,0,4113.4234634354,58015.5836269809,283.487218939577
8919632e3e824350ec5c0cd8a31749f4,1,1,4065.34041609429,57974.4023239938,283.019744873047,-1.05484399899747,0,0,1.32664670839719,-0.233178553287996,0,0,0,0,4113.4234634354,58015.5836269809,283.487218939577
8919632e3e824350ec5c0cd8a31749f4,1,1,4065.45071507266,57974.3951505885,283.015686035156,-1.05775075455147,0,0,1.19140066062208,-0.207118818326015,0,0,0,0,4113.4234634354,58015.5836269809,283.487218939577
8919632e3e824350ec5c0cd8a31749f4,1,1,4065.55399086219,57974.3722486688,283.015686035156,-1.05775075455147,0,0,1.50128979299415,-0.25098305056236,0,0,0,0,4114.9853634354,58015.9254269809,283.487527099896
8919632e3e824350ec5c0cd8a31749f4,1,1,4065.66013853052,57974.3766309597,283.024627685547,-1.05583949912021,0,0,1.25942026963936,-0.213691748290712,0,0,0,0,4114.9853634354,58015.9254269809,283.487527099896
8919632e3e824350ec5c0cd8a31749f4,1,1,4065.76330531281,57974.3541961945,283.024627685547,-1.05583949912021,0,0,1.58029075912212,-0.258743248124485,0,0,0,0,4116.5725634354,58016.2458269809,283.486461178974
8919632e3e824350ec5c0cd8a31749f4,1,1,4065.88197013536,57974.3436733179,283.028747558594,-1.06491005006975,0,0,1.29304819236604,-0.222761883319611,0,0,0,0,4116.5725634354,58016.2458269809,283.486461178974
8919632e3e824350ec5c0cd8a31749f4,1,1,4065.98600601574,57974.3209318354,283.028747558594,-1.06491005006975,0,0,1.61943466082651,-0.269330913088231,0,0,0,0,4116.5725634354,58016.2458269809,283.486461178974
8919632e3e824350ec5c0cd8a31749f4,1,1,4066.11133755991,57974.3072972979,283.0224609375,-1.07791207949288,0,0,1.47755414502477,-0.241345027852548,0,0,0,0,4116.5725634354,58016.2458269809,283.486461178974
8919632e3e824350ec5c0cd8a31749f4,1,1,4066.22654701563,57974.3074550343,283.016448974609,-1.08158133326162,0,0,1.24369539375157,-0.211487662331876,0,0,0,0,4116.5725634354,58016.2458269809,283.486461178974
8919632e3e824350ec5c0cd8a31749f4,1,1,4066.33221487148,57974.2844804084,283.016448974609,-1.08158133326162,0,0,1.56054184004654,-0.255776264600492,0,0,0,0,4119.7033634354,58016.8075269809,283.487010488821
8919632e3e824350ec5c0cd8a31749f4,1,1,4066.44780371555,57974.2799115327,283.009796142578,-1.08588811176008,0,0,1.28242735333204,-0.219415093940548,0,0,0,0,4119.7033634354,58016.8075269809,283.487010488821
8919632e3e824350ec5c0cd8a31749f4,1,1,4066.553918245,57974.2568679979,283.009796142578,-1.08588811176008,0,0,1.60599476503881,-0.265065502716727,0,0,0,0,4119.7033634354,58016.8075269809,283.487010488821
8919632e3e824350ec5c0cd8a31749f4,1,1,4066.66958020367,57974.2345630746,283.013122558594,-1.09238951304443,0,0,1.30331830331898,-0.225810108437344,0,0,0,0,4121.2501634354,58017.0512269809,283.487649316328
8919632e3e824350ec5c0cd8a31749f4,1,1,4066.77626617987,57974.2110359107,283.013122558594,-1.09238951304443,0,0,1.63081836174731,-0.272874155464797,0,0,0,0,4121.2501634354,58017.0512269809,283.487649316328
8919632e3e824350ec5c0cd8a31749f4,1,1,4066.89360808041,57974.1532614461,283.014099121094,-1.10463325816455,0,0,1.30550478617419,-0.243675681965999,0,0,0,0,4122.8289634354,58017.2767269809,283.486975320971
8919632e3e824350ec5c0cd8a31749f4,1,1,4067.00110869204,57974.1278771089,283.014099121094,-1.10463325816455,0,0,1.63374869629445,-0.294466418615762,0,0,0,0,4122.8289634354,58017.2767269809,283.486975320971
8919632e3e824350ec5c0cd8a31749f4,1,1,4067.12435217271,57974.1098673555,283.015350341797,-1.11439987170763,0,0,1.31517212469618,-0.246380541595464,0,0,0,0,4122.8289634354,58017.2767269809,283.486975320971
8919632e3e824350ec5c0cd8a31749f4,1,1,4067.23274817856,57974.0839980952,283.015350341797,-1.11439987170763,0,0,1.64563302366753,-0.297942717653582,0,0,0,0,4124.3966634354,58017.4781269809,283.48593380231
8919632e3e824350ec5c0cd8a31749f4,1,1,4067.35804262946,57974.0551593081,283.004241943359,-1.1264939588711,0,0,1.31595296300076,-0.256578458642451,0,0,0,0,4124.3966634354,58017.4781269809,283.48593380231
8919632e3e824350ec5c0cd8a31749f4,1,1,4067.46741298246,57974.028176947,283.004241943359,-1.1264939588711,0,0,1.64695143829005,-0.31015253951936,0,0,0,0,4126.0070634354,58017.6575269809,283.487272009223
8919632e3e824350ec5c0cd8a31749f4,1,1,4067.6067275725,57973.9964968412,283.003387451172,-1.14777851123663,0,0,1.32207683004548,-0.257293357945306,0,0,0,0,4126.0070634354,58017.6575269809,283.487272009223
8919632e3e824350ec5c0cd8a31749f4,1,1,4067.71815977216,57973.9685984691,283.003387451172,-1.14777851123663,0,0,1.6545351477432,-0.311452772428761,0,0,0,0,4126.0070634354,58017.6575269809,283.487272009223
8919632e3e824350ec5c0cd8a31749f4,1,1,4067.80595097032,57973.9344964983,283.000183105469,-1.13277659171313,0,0,1.32010974837105,-0.267060836240639,0,0,0,0,4126.0070634354,58017.6575269809,283.487272009223
8919632e3e824350ec5c0cd8a31749f4,1,1,4067.91562396108,57973.9059729679,283.000183105469,-1.13277659171313,0,0,1.6520482236088,-0.323331113952573,0,0,0,0,4126.0070634354,58017.6575269809,283.487272009223
8919632e3e824350ec5c0cd8a31749f4,1,1,4068.00193074724,57973.8831988883,282.997863769531,-1.11594618640368,0,0,1.32217868350335,-0.26990716766398,0,0,0,0,4126.0070634354,58017.6575269809,283.487272009223
8919632e3e824350ec5c0cd8a31749f4,1,1,4068.10981618179,57973.8546501898,282.997863769531,-1.11594618640368,0,0,1.65425662626512,-0.327010537973536,0,0,0,0,4126.0070634354,58017.6575269809,283.487272009223
8919632e3e824350ec5c0cd8a31749f4,1,1,4068.18617428677,57973.8289446691,282.995819091797,-1.09398205252425,0,0,1.32184327711061,-0.274110421444722,0,0,0,0,4126.0070634354,58017.6575269809,283.487272009223
8919632e3e824350ec5c0cd8a31749f4,1,1,4068.29179345444,57973.8004133679,282.995819091797,-1.09398205252425,0,0,1.65373433198106,-0.332308091327414,0,0,0,0,4126.0070634354,58017.6575269809,283.487272009223
8919632e3e824350ec5c0cd8a31749f4,1,1,4068.35106415054,57973.8016049836,282.993621826172,-1.05715175952909,0,0,1.32651325811158,-0.267045137792941,0,0,0,0,4126.0070634354,58017.6575269809,283.487272009223
8919632e3e824350ec5c0cd8a31749f4,1,1,4068.45333757184,57973.7744363576,282.993621826172,-1.05715175952909,0,0,1.65953223267103,-0.324235234459387,0,0,0,0,4132.5313634354,58018.1414269809,283.488616329696
8919632e3e824350ec5c0cd8a31749f4,1,1,4068.51454092096,57973.7420785611,282.982330322266,-1.03033086228358,0,0,1.32394083436449,-0.273966418498818,0,0,0,0,4132.5313634354,58018.1414269809,283.488616329696
8919632e3e824350ec5c0cd8a31749f4,1,1,4068.6139285598,57973.7150320859,282.982330322266,-1.03033086228358,0,0,1.65589366113618,-0.332568827034425,0,0,0,0,4132.5313634354,58018.1414269809,283.488616329696
8919632e3e824350ec5c0cd8a31749f4,1,1,4068.63953000004,57973.6291584462,282.976806640625,-0.991325604895173,0,0,1.30770068267557,-0.296241878622139,0,0,0,0,4134.1784634354,58018.2091269809,283.489339033577
8919632e3e824350ec5c0cd8a31749f4,1,1,4068.73454905865,57973.6008782433,282.976806640625,-0.991325604895173,0,0,1.63638894083956,-0.359777289663783,0,0,0,0,4134.1784634354,58018.2091269809,283.489339033577
8919632e3e824350ec5c0cd8a31749f4,1,1,4068.7152647836,57973.4828034894,282.970001220703,-0.932066946567897,0,0,1.30468565232489,-0.304134819707835,0,0,0,0,4135.8638634354,58018.2579269809,283.486765302141
8919632e3e824350ec5c0cd8a31749f4,1,1,4068.80400339315,57973.4542903724,282.970001220703,-0.932066946567897,0,0,1.63149061620223,-0.371069988745258,0,0,0,0,4135.8638634354,58018.2579269809,283.486765302141
8919632e3e824350ec5c0cd8a31749f4,1,1,4068.84945997859,57973.3897062012,282.966461181641,-0.912096184949172,0,0,1.46937761948795,-0.336842162299336,0,0,0,0,4135.8638634354,58018.2579269809,283.486765302141
8919632e3e824350ec5c0cd8a31749f4,1,1,4068.93607258945,57973.3610740633,282.966461181641,-0.912096184949172,0,0,1.81585978671647,-0.40596770551162,0,0,0,0,4135.8638634354,58018.2579269809,283.486765302141
8919632e3e824350ec5c0cd8a31749f4,1,1,4069.08262007797,57973.3154805112,282.969848632812,-0.953944209230288,0,0,1.38283405707527,-0.33602101493937,0,0,0,0,4135.8638634354,58018.2579269809,283.486765302141
8919632e3e824350ec5c0cd8a31749f4,1,1,4069.17321781313,57973.285627049,282.969848632812,-0.953944209230288,0,0,1.73074660145673,-0.411595840679435,0,0,0,0,4139.2520634354,58018.2853269809,283.482926803908
8919632e3e824350ec5c0cd8a31749f4,1,1,4069.26813808283,57973.2793962293,282.95947265625,-0.951461650159333,0,0,1.37452087412144,-0.312030961455212,0,0,0,0,4139.2520634354,58018.2853269809,283.482926803908
8919632e3e824350ec5c0cd8a31749f4,1,1,4069.35897978737,57973.2510921808,282.95947265625,-0.951461650159333,0,0,1.72289908434183,-0.383061295498533,0,0,0,0,4139.2520634354,58018.2853269809,283.482926803908
8919632e3e824350ec5c0cd8a31749f4,1,1,4069.4223509521,57973.239383188,282.961364746094,-0.929309336649537,0,0,1.37378894121045,-0.290862346813962,0,0,0,0,4140.9575634354,58018.2592269809,283.484072714588
8919632e3e824350ec5c0cd8a31749f4,1,1,4069.51151014402,57973.2131864828,282.961364746094,-0.929309336649537,0,0,1.72101942379111,-0.357196037858534,0,0,0,0,4140.9575634354,58018.2592269809,283.484072714588
8919632e3e824350ec5c0cd8a31749f4,1,1,4069.50798341714,57973.1856798541,282.962005615234,-0.866863070917046,0,0,1.36522680784106,-0.297842163758165,0,0,0,0,4142.6951634354,58018.2010269809,283.479785244489
8919632e3e824350ec5c0cd8a31749f4,1,1,4069.59114984372,57973.1612039044,282.962005615234,-0.866863070917046,0,0,1.70905079586491,-0.36437398631447,0,0,0,0,4142.6951634354,58018.2010269809,283.479785244489
8919632e3e824350ec5c0cd8a31749f4,1,1,4069.57294049474,57973.1503660452,282.966674804688,-0.794878925709084,0,0,1.34948504998895,-0.301485650691681,0,0,0,0,4142.6951634354,58018.2010269809,283.479785244489
8919632e3e824350ec5c0cd8a31749f4,1,1,4069.64918408006,57973.1278862689,282.966674804688,-0.794878925709084,0,0,1.68880444160822,-0.36777194993712,0,0,0,0,4144.4164634354,58018.1084269809,283.475068643808
8919632e3e824350ec5c0cd8a31749f4,1,1,4069.6401828535,57973.141815897,282.967590332031,-0.728955750127885,0,0,1.34113644183655,-0.297510305884642,0,0,0,0,4144.4164634354,58018.1084269809,283.475068643808
8919632e3e824350ec5c0cd8a31749f4,1,1,4069.71020361883,57973.1215525461,282.967590332031,-0.728955750127885,0,0,1.67755310628617,-0.362144821749517,0,0,0,0,4146.1924634354,58017.9763269809,283.46821443825
8919632e3e824350ec5c0cd8a31749f4,1,1,4069.63007860613,57973.0689853233,282.961883544922,-0.63438426703074,0,0,1.33263824553079,-0.289491721248382,0,0,0,0,4146.1924634354,58017.9763269809,283.46821443825
8919632e3e824350ec5c0cd8a31749f4,1,1,4069.69096614479,57973.051178123,282.961883544922,-0.63438426703074,0,0,1.66598390692167,-0.353438702879327,0,0,0,0,4146.1924634354,58017.9763269809,283.46821443825
8919632e3e824350ec5c0cd8a31749f4,1,1,4069.63350461088,57973.0544711848,282.954498291016,-0.55022410936667,0,0,1.32620831712782,-0.289002035248783,0,0,0,0,4146.1924634354,58017.9763269809,283.46821443825
8919632e3e824350ec5c0cd8a31749f4,1,1,4069.68638082794,57973.0392163438,282.954498291016,-0.55022410936667,0,0,1.65818473450708,-0.352342993578425,0,0,0,0,4146.1924634354,58017.9763269809,283.46821443825
8919632e3e824350ec5c0cd8a31749f4,1,1,4069.63745466596,57973.0830592809,282.945556640625,-0.469095874758231,0,0,1.32558435491748,-0.280472603315186,0,0,0,0,4149.8314634354,58017.5873269809,283.467989517892
8919632e3e824350ec5c0cd8a31749f4,1,1,4069.68265415604,57973.0705717296,282.945556640625,-0.469095874758231,0,0,1.65739629978278,-0.341555728433789,0,0,0,0,4149.8314634354,58017.5873269809,283.467989517892
8919632e3e824350ec5c0cd8a31749f4,1,1,4069.58037630439,57973.1247947226,282.934112548828,-0.355990894379292,0,0,1.328145312514,-0.265653936670414,0,0,0,0,4149.8314634354,58017.5873269809,283.467989517892
8919632e3e824350ec5c0cd8a31749f4,1,1,4069.61482103018,57973.1157992185,282.934112548828,-0.355990894379292,0,0,1.6607428054835,-0.3237458666825,0,0,0,0,4151.6780634354,58017.3285269809,283.476846321771
8919632e3e824350ec5c0cd8a31749f4,1,1,4069.57021161884,57973.2076380496,282.926605224609,-0.282550361091205,0,0,1.33207866338714,-0.258730302450565,0,0,0,0,4151.6780634354,58017.3285269809,283.476846321771
8919632e3e824350ec5c0cd8a31749f4,1,1,4069.59767921304,57973.2008645255,282.926605224609,-0.282550361091205,0,0,1.6664105362601,-0.314586718253508,0,0,0,0,4153.5633634354,58017.0208269809,283.469191099429
8919632e3e824350ec5c0cd8a31749f4,1,1,4069.5233659843,57973.2909691492,282.922637939453,-0.195755537386909,0,0,1.33757213675896,-0.246133540951715,0,0,0,0,4153.5633634354,58017.0208269809,283.469191099429
8919632e3e824350ec5c0cd8a31749f4,1,1,4069.54243604712,57973.2865427489,282.922637939453,-0.195755537386909,0,0,1.67279375043442,-0.299097372284728,0,0,0,0,4153.5633634354,58017.0208269809,283.469191099429
8919632e3e824350ec5c0cd8a31749f4,1,1,4069.43964501739,57973.3653869723,282.926116943359,-0.098482789948188,0,0,1.33255733615492,-0.254064423243112,0,0,0,0,4155.4356634354,58016.6746269809,283.465958874711
8919632e3e824350ec5c0cd8a31749f4,1,1,4069.44923729811,57973.3631486688,282.926116943359,-0.098482789948188,0,0,1.66737158024028,-0.307773706896775,0,0,0,0,4155.4356634354,58016.6746269809,283.465958874711
8919632e3e824350ec5c0cd8a31749f4,1,1,4069.38313324357,57973.4629665362,282.935577392578,-0.030753621081798,0,0,1.33931333946371,-0.241715793537152,0,0,0,0,4157.3656634354,58016.2799269809,283.468095951076
8919632e3e824350ec5c0cd8a31749f4,1,1,4069.38613430513,57973.4622945826,282.935577392578,-0.030753621081798,0,0,1.67527184866399,-0.293239839641978,0,0,0,0,4157.3656634354,58016.2799269809,283.468095951076
8919632e3e824350ec5c0cd8a31749f4,1,1,4069.37634290001,57973.5058726928,282.947052001953,-0.016004779925107,0,0,1.51105715165464,-0.263194255024567,0,0,0,0,4157.3656634354,58016.2799269809,283.468095951076
8919632e3e824350ec5c0cd8a31749f4,1,1,4069.29688618198,57973.594080638,282.954223632813,0.053955673574828,0,0,1.25964285851059,-0.232770934145945,0,0,0,0,4157.3656634354,58016.2799269809,283.468095951076
8919632e3e824350ec5c0cd8a31749f4,1,1,4069.29162707666,57973.5952874196,282.954223632813,0.053955673574828,0,0,1.58089465581218,-0.282360352444125,0,0,0,0,4157.3656634354,58016.2799269809,283.468095951076
8919632e3e824350ec5c0cd8a31749f4,1,1,4069.05114934355,57973.6795103728,282.95654296875,0.229649416993609,0,0,1.09209529353456,-0.070621344301721,0,0,0,0,4161.2338634354,58015.3862269809,283.472212422845
8919632e3e824350ec5c0cd8a31749f4,1,1,4069.02837969433,57973.6824744148,282.95654296875,0.229649416993609,0,0,1.38987761590049,-0.093192476512877,0,0,0,0,4161.2338634354,58015.3862269809,283.472212422845
8919632e3e824350ec5c0cd8a31749f4,1,1,4069.02463573632,57973.7232927744,282.95947265625,0.222290759357038,0,0,1.19678979081515,-0.131804907737581,0,0,0,0,4161.2338634354,58015.3862269809,283.472212422845
8919632e3e824350ec5c0cd8a31749f4,1,1,4069.00262673627,57973.7264144844,282.95947265625,0.222290759357038,0,0,1.51528008470542,-0.162174057504797,0,0,0,0,4161.2338634354,58015.3862269809,283.472212422845
8919632e3e824350ec5c0cd8a31749f4,1,1,4068.89892345489,57973.7513873432,282.955200195312,0.283859297136508,0,0,1.26985473057896,-0.17308342681649,0,0,0,0,4161.2338634354,58015.3862269809,283.472212422845
8919632e3e824350ec5c0cd8a31749f4,1,1,4068.87088387551,57973.7558040153,282.955200195312,0.283859297136508,0,0,1.59988527599205,-0.209472453561393,0,0,0,0,4165.1211634354,58014.3722269809,283.474644661823
8919632e3e824350ec5c0cd8a31749f4,1,1,4068.78576707624,57973.7830482513,282.959075927734,0.327123236255195,0,0,1.31205891737197,-0.197265265565363,0,0,0,0,4165.1211634354,58014.3722269809,283.474644661823
8919632e3e824350ec5c0cd8a31749f4,1,1,4068.75352981624,57973.7885928323,282.959075927734,0.327123236255195,0,0,1.64711465075823,-0.237717937965831,0,0,0,0,4165.1211634354,58014.3722269809,283.474644661823
8919632e3e824350ec5c0cd8a31749f4,1,1,4068.70299604876,57973.7871896754,282.962615966797,0.33930445781374,0,0,1.49528346337026,-0.228209075619959,0,0,0,0,4165.1211634354,58014.3722269809,283.474644661823
8919632e3e824350ec5c0cd8a31749f4,1,1,4068.74550960454,57973.8153245735,282.972412109375,0.286784010271178,0,0,1.25001410386816,-0.212956907271943,0,0,0,0,4165.1211634354,58014.3722269809,283.474644661823
8919632e3e824350ec5c0cd8a31749f4,1,1,4068.71740248669,57973.8210513985,282.972412109375,0.286784010271178,0,0,1.5702905098509,-0.257167365418801,0,0,0,0,4168.9648634354,58013.2674269809,283.475698636409
8919632e3e824350ec5c0cd8a31749f4,1,1,4068.68828687788,57973.8500159611,282.970458984375,0.289915163026624,0,0,1.29180229095177,-0.213752524689098,0,0,0,0,4168.9648634354,58013.2674269809,283.475698636409
8919632e3e824350ec5c0cd8a31749f4,1,1,4068.65988899137,57973.8558528397,282.970458984375,0.289915163026624,0,0,1.61798116710926,-0.258907967865808,0,0,0,0,4168.9648634354,58013.2674269809,283.475698636409
8919632e3e824350ec5c0cd8a31749f4,1,1,4068.62190811978,57973.8611232498,282.96923828125,0.296525057428374,0,0,1.30874360033633,-0.221213193238599,0,0,0,0,4170.8398634354,58012.6909269809,283.476239188041
8919632e3e824350ec5c0cd8a31749f4,1,1,4068.59288968146,57973.8672081867,282.96923828125,0.296525057428374,0,0,1.63758675948052,-0.267875771967595,0,0,0,0,4170.8398634354,58012.6909269809,283.476239188041
8919632e3e824350ec5c0cd8a31749f4,1,1,4068.55320395923,57973.8659655922,282.967712402344,0.302971710648188,0,0,1.32033963074026,-0.220866237524277,0,0,0,0,4172.7203634354,58012.0891269809,283.47726682821
8919632e3e824350ec5c0cd8a31749f4,1,1,4068.52354600628,57973.8721799846,282.967712402344,0.302971710648188,0,0,1.65150327881838,-0.267815096907765,0,0,0,0,4172.7203634354,58012.0891269809,283.47726682821
8919632e3e824350ec5c0cd8a31749f4,1,1,4068.50333047555,57973.8582904561,282.965362548828,0.293805558291077,0,0,1.32439979857983,-0.221831120367186,0,0,0,0,4172.7203634354,58012.0891269809,283.47726682821
8919632e3e824350ec5c0cd8a31749f4,1,1,4068.47457231744,57973.8643150696,282.965362548828,0.293805558291077,0,0,1.65687513771746,-0.269142974022842,0,0,0,0,4172.7203634354,58012.0891269809,283.47726682821
8919632e3e824350ec5c0cd8a31749f4,1,1,4068.4508682493,57973.8352996133,282.977752685547,0.285565530366206,0,0,1.33408372585814,-0.218414007337816,0,0,0,0,4172.7203634354,58012.0891269809,283.47726682821
8919632e3e824350ec5c0cd8a31749f4,1,1,4068.42290708961,57973.841052132,282.977752685547,0.285565530366206,0,0,1.66834849895412,-0.265110002876354,0,0,0,0,4176.3750634354,58010.8480269809,283.481241719441
8919632e3e824350ec5c0cd8a31749f4,1,1,4068.42075769221,57973.8174474407,282.986999511719,0.263747053127978,0,0,1.3419420489322,-0.210699814737692,0,0,0,0,4176.3750634354,58010.8480269809,283.481241719441
8919632e3e824350ec5c0cd8a31749f4,1,1,4068.39489021128,57973.8226024155,282.986999511719,0.263747053127978,0,0,1.6780155465914,-0.256139076846967,0,0,0,0,4176.3750634354,58010.8480269809,283.481241719441
8919632e3e824350ec5c0cd8a31749f4,1,1,4068.41642428637,57973.8037650006,282.994781494141,0.227759877317388,0,0,1.34542612347026,-0.213108524370566,0,0,0,0,4176.3750634354,58010.8480269809,283.481241719441
8919632e3e824350ec5c0cd8a31749f4,1,1,4068.39408397416,57973.8082033,282.994781494141,0.227759877317388,0,0,1.68237948694285,-0.258780838501643,0,0,0,0,4176.3750634354,58010.8480269809,283.481241719441
8919632e3e824350ec5c0cd8a31749f4,1,1,4068.41447373278,57973.7975875784,283.001220703125,0.19622743068762,0,0,1.34886004935779,-0.212874830033877,0,0,0,0,4179.9302634354,58009.5386269809,283.489698248531
8919632e3e824350ec5c0cd8a31749f4,1,1,4068.3952206776,57973.801395853,283.001220703125,0.19622743068762,0,0,1.68657776208438,-0.258502937762325,0,0,0,0,4179.9302634354,58009.5386269809,283.489698248531
8919632e3e824350ec5c0cd8a31749f4,1,1,4068.43121495431,57973.8218366971,282.995758056641,0.160312456042175,0,0,1.35186789305029,-0.210914007042721,0,0,0,0,4179.9302634354,58009.5386269809,283.489698248531
8919632e3e824350ec5c0cd8a31749f4,1,1,4068.41548608213,57973.8249375186,282.995758056641,0.160312456042175,0,0,1.69005550883032,-0.256364850939478,0,0,0,0,4179.9302634354,58009.5386269809,283.489698248531
8919632e3e824350ec5c0cd8a31749f4,1,1,4068.46597585289,57973.831915023,282.991119384766,0.115119107868349,0,0,1.35390157841471,-0.209799049023971,0,0,0,0,4179.9302634354,58009.5386269809,283.489698248531
8919632e3e824350ec5c0cd8a31749f4,1,1,4068.45467959569,57973.8341282304,282.991119384766,0.115119107868349,0,0,1.69244580568818,-0.255050486259258,0,0,0,0,4183.3838634354,58008.1675269809,283.502270515615
8919632e3e824350ec5c0cd8a31749f4,1,1,4068.48333434986,57973.8262132503,282.998748779297,0.087279320614116,0,0,1.52917895745177,-0.22404502570698,0,0,0,0,4183.3838634354,58008.1675269809,283.502270515615
8919632e3e824350ec5c0cd8a31749f4,1,1,4068.53252161129,57973.8372635754,282.997619628906,0.047993706584774,0,0,1.27808108771236,-0.193840696988456,0,0,0,0,4183.3838634354,58008.1675269809,283.502270515615
8919632e3e824350ec5c0cd8a31749f4,1,1,4068.52780951354,57973.8381762246,282.997619628906,0.047993706584774,0,0,1.60269524365716,-0.235947400809902,0,0,0,0,4183.3838634354,58008.1675269809,283.502270515615
8919632e3e824350ec5c0cd8a31749f4,1,1,4068.57714098908,57973.8748084614,283.006408691406,0.015237147049956,0,0,1.31032854722162,-0.173719156116145,0,0,0,0,4183.3838634354,58008.1675269809,283.502270515615
8919632e3e824350ec5c0cd8a31749f4,1,1,4068.57564071622,57973.8750744374,283.006408691406,0.015237147049956,0,0,1.64012605922471,-0.212594765552574,0,0,0,0,4186.7395634354,58006.7371269809,283.513099301785
8919632e3e824350ec5c0cd8a31749f4,1,1,4068.61771699926,57973.948308024,283.005798339844,-0.004772070563944,0,0,1.33064052807043,-0.154701657175671,0,0,0,0,4186.7395634354,58006.7371269809,283.513099301785
8919632e3e824350ec5c0cd8a31749f4,1,1,4068.61818831027,57973.9482332212,283.005798339844,-0.004772070563944,0,0,1.66427167018481,-0.189924646431597,0,0,0,0,4186.7395634354,58006.7371269809,283.513099301785
8919632e3e824350ec5c0cd8a31749f4,1,1,4068.68548588208,57973.9719103182,283.002288818359,-0.047689319074283,0,0,1.34402059218139,-0.161238466330956,0,0,0,0,4188.3680634354,58006.0067269809,283.5190617344
8919632e3e824350ec5c0cd8a31749f4,1,1,4068.69019956386,57973.9711839846,283.002288818359,-0.047689319074283,0,0,1.68065000196116,-0.196546142757631,0,0,0,0,4188.3680634354,58006.0067269809,283.5190617344
8919632e3e824350ec5c0cd8a31749f4,1,1,4068.75899846963,57973.9857773862,283.000305175781,-0.090164761342078,0,0,1.34145277294672,-0.179578387787781,0,0,0,0,4189.9970634354,58005.2520269809,283.522703628389
8919632e3e824350ec5c0cd8a31749f4,1,1,4068.76789925166,57973.9843375384,283.000305175781,-0.090164761342078,0,0,1.6783246097144,-0.217357123254119,0,0,0,0,4189.9970634354,58005.2520269809,283.522703628389
8919632e3e824350ec5c0cd8a31749f4,1,1,4068.77232864362,57973.9511012085,282.999847412109,-0.090506780962703,0,0,1.34687494255103,-0.180453311775795,0,0,0,0,4189.9970634354,58005.2520269809,283.522703628389
8919632e3e824350ec5c0cd8a31749f4,1,1,4068.78126124109,57973.9496432052,282.999847412109,-0.090506780962703,0,0,1.68499611757968,-0.218620898344232,0,0,0,0,4191.5791634354,58004.4985269809,283.526558706815
8919632e3e824350ec5c0cd8a31749f4,1,1,4068.82187422971,57973.9514115526,283.007568359375,-0.111403181574574,0,0,1.52729185264206,-0.194040903293352,0,0,0,0,4191.5791634354,58004.4985269809,283.526558706815
8919632e3e824350ec5c0cd8a31749f4,1,1,4068.83286657461,57973.9496005889,283.007568359375,-0.111403181574574,0,0,1.88729881328059,-0.232672312017977,0,0,0,0,4193.1642634354,58003.7245269809,283.530992635753
8919632e3e824350ec5c0cd8a31749f4,1,1,4068.86143834909,57973.970542997,283.013397216797,-0.12076961348285,0,0,1.60655595753004,-0.201073881697983,0,0,0,0,4193.1642634354,58003.7245269809,283.530992635753
8919632e3e824350ec5c0cd8a31749f4,1,1,4068.87336001837,57973.9686111311,283.013397216797,-0.12076961348285,0,0,1.9785126322275,-0.240903365492483,0,0,0,0,4193.1642634354,58003.7245269809,283.530992635753
8919632e3e824350ec5c0cd8a31749f4,1,1,4068.95100842464,57974.0515206898,283.024108886719,-0.155337883937228,0,0,1.483283006152,-0.175395476246631,0,0,0,0,4194.7044634354,58002.9576269809,283.536403005831
8919632e3e824350ec5c0cd8a31749f4,1,1,4068.96637373159,57974.0492258759,283.024108886719,-0.155337883937228,0,0,1.85302632621295,-0.214426179508348,0,0,0,0,4194.7044634354,58002.9576269809,283.536403005831
8919632e3e824350ec5c0cd8a31749f4,1,1,4069.04511608708,57974.0875615529,283.036254882813,-0.194768551130457,0,0,1.45138331190515,-0.180151612904963,0,0,0,0,4196.2512634354,58002.1760269809,283.540408904566
8919632e3e824350ec5c0cd8a31749f4,1,1,4069.06437744808,57974.0846668616,283.036254882813,-0.194768551130457,0,0,1.81779427670748,-0.219423543233014,0,0,0,0,4196.2512634354,58002.1760269809,283.540408904566
8919632e3e824350ec5c0cd8a31749f4,1,1,4069.01281782107,57974.1377435312,283.045471191406,-0.141341964474848,0,0,1.63492548465379,-0.181425279897257,0,0,0,0,4196.2512634354,58002.1760269809,283.540408904566
8919632e3e824350ec5c0cd8a31749f4,1,1,4069.02680985259,57974.135744411,283.045471191406,-0.141341964474848,0,0,2.02318164460962,-0.218853889720113,0,0,0,0,4197.7541634354,58001.4049269809,283.545818670826
8919632e3e824350ec5c0cd8a31749f4,1,1,4068.93425524354,57974.2196666297,283.051727294922,-0.060297218243215,0,0,1.52869549196815,-0.166386488273233,0,0,0,0,4197.7541634354,58001.4049269809,283.545818670826
8919632e3e824350ec5c0cd8a31749f4,1,1,4068.94023207016,57974.2188695518,283.051727294922,-0.060297218243215,0,0,1.91367701554252,-0.203535467306702,0,0,0,0,4199.2622634354,58000.6183269809,283.55260100736
8919632e3e824350ec5c0cd8a31749f4,1,1,4068.85332999379,57974.3038457635,283.055633544922,0.014002485176574,0,0,1.49734254737527,-0.1606054278769,0,0,0,0,4199.2622634354,58000.6183269809,283.55260100736
8919632e3e824350ec5c0cd8a31749f4,1,1,4068.85194136134,57974.3040255494,283.055633544922,0.014002485176574,0,0,1.8758084941246,-0.195987124984204,0,0,0,0,4199.2622634354,58000.6183269809,283.55260100736
8919632e3e824350ec5c0cd8a31749f4,1,1,4068.70713907789,57974.3993885892,283.059631347656,0.125953978780435,0,0,1.47585493317043,-0.151852359613729,0,0,0,0,4199.2622634354,58000.6183269809,283.55260100736
8919632e3e824350ec5c0cd8a31749f4,1,1,4068.69463761133,57974.4009508306,283.059631347656,0.125953978780435,0,0,1.84729239457057,-0.185046168867857,0,0,0,0,4199.2622634354,58000.6183269809,283.55260100736
8919632e3e824350ec5c0cd8a31749f4,1,1,4068.55107623147,57974.4484703431,283.06884765625,0.220281436879207,0,0,1.64956198830025,-0.161885404708144,0,0,0,0,4202.1937634354,57999.0556269809,283.569278105796
8919632e3e824350ec5c0cd8a31749f4,1,1,4068.1333138672,57974.5496791804,283.076110839844,0.517829398265014,0,0,1.35673269399946,-0.147141523157488,0,0,0,0,4202.1937634354,57999.0556269809,283.569278105796
8919632e3e824350ec5c0cd8a31749f4,1,1,4068.08197225945,57974.5564362343,283.076110839844,0.517829398265014,0,0,1.7014729989645,-0.178558656277501,0,0,0,0,4202.1937634354,57999.0556269809,283.569278105796
8919632e3e824350ec5c0cd8a31749f4,1,1,4067.69756779606,57974.6755490424,283.087707519531,0.76622630561572,0,0,1.37340501795127,-0.149566543870596,0,0,0,0,4203.5934634354,57998.2949269809,283.580790805863
8919632e3e824350ec5c0cd8a31749f4,1,1,4067.62165105972,57974.6859364668,283.087707519531,0.76622630561572,0,0,1.71798881327738,-0.181513133013625,0,0,0,0,4203.5934634354,57998.2949269809,283.580790805863
8919632e3e824350ec5c0cd8a31749f4,1,1,4067.23162137323,57974.7964847922,283.100158691406,0.997903579744295,0,0,1.26471885585669,-0.21237332363761,0,0,0,0,4204.9520634354,57997.5480269809,283.58793974493
8919632e3e824350ec5c0cd8a31749f4,1,1,4067.13355936942,57974.8150523658,283.100158691406,0.997903579744295,0,0,1.59082927947507,-0.255048999659026,0,0,0,0,4204.9520634354,57997.5480269809,283.58793974493
8919632e3e824350ec5c0cd8a31749f4,1,1,4066.55771558378,57974.9987252796,283.103698730469,1.35115913734221,0,0,1.30908264494727,-0.189905057171893,0,0,0,0,4204.9520634354,57997.5480269809,283.58793974493
8919632e3e824350ec5c0cd8a31749f4,1,1,4066.42512421693,57975.0247167866,283.103698730469,1.35115913734221,0,0,1.64183553657945,-0.230851380536796,0,0,0,0,4206.2272634354,57996.8470269809,283.59408299708
8919632e3e824350ec5c0cd8a31749f4,1,1,4065.70000841332,57975.1955909505,283.103729248047,1.78402595035491,0,0,1.33137181000101,-0.15171336241035,0,0,0,0,4206.2272634354,57996.8470269809,283.59408299708
8919632e3e824350ec5c0cd8a31749f4,1,1,4065.52461032064,57975.227991932,283.103729248047,1.78402595035491,0,0,1.66743058080526,-0.186141310147082,0,0,0,0,4207.4611634354,57996.1643269809,283.596778229659
8919632e3e824350ec5c0cd8a31749f4,1,1,4064.76559303184,57975.3194787005,283.116058349609,2.20086189512327,0,0,1.28337243555794,-0.04731663459301,0,0,0,0,4207.4611634354,57996.1643269809,283.596778229659
8919632e3e824350ec5c0cd8a31749f4,1,1,4064.54744180078,57975.3486554957,283.116058349609,2.20086189512327,0,0,1.61274188691707,-0.062562234882885,0,0,0,0,4207.4611634354,57996.1643269809,283.596778229659
8919632e3e824350ec5c0cd8a31749f4,1,1,4063.80471619658,57975.307582537,283.1298828125,2.57135923218074,0,0,1.10615671367234,0.098892093147258,0,0,0,0,4208.6133634354,57995.5252269809,283.599505284719
8919632e3e824350ec5c0cd8a31749f4,1,1,4063.54773241307,57975.3161653006,283.1298828125,2.57135923218074,0,0,1.40888209212025,0.111346619882782,0,0,0,0,4208.6133634354,57995.5252269809,283.599505284719
8919632e3e824350ec5c0cd8a31749f4,1,1,4062.93622463858,57975.3774178783,283.132690429687,2.83929929730416,0,0,1.19301858842952,-0.025768627729692,0,0,0,0,4209.7216634354,57994.9064269809,283.600798552865
8919632e3e824350ec5c0cd8a31749f4,1,1,4062.65258170471,57975.3901834725,283.132690429687,2.83929929730416,0,0,1.51549439008735,-0.032949690855078,0,0,0,0,4209.7216634354,57994.9064269809,283.600798552865
8919632e3e824350ec5c0cd8a31749f4,1,1,4062.11949050334,57975.4731580483,283.131378173828,3.02875900118662,0,0,1.28503628643825,-0.092295284342841,0,0,0,0,4209.7216634354,57994.9064269809,283.600798552865
8919632e3e824350ec5c0cd8a31749f4,1,1,4061.8172687113,57975.492493453,283.131378173828,3.02875900118662,0,0,1.62160823497738,-0.10997415425203,0,0,0,0,4209.7216634354,57994.9064269809,283.600798552865
8919632e3e824350ec5c0cd8a31749f4,1,1,4061.20280019888,57975.6659399085,283.126068115234,3.26519011382714,0,0,1.30416527640829,-0.162929892221927,0,0,0,0,4209.7216634354,57994.9064269809,283.600798552865
8919632e3e824350ec5c0cd8a31749f4,1,1,4060.87811138626,57975.7003799852,283.126068115234,3.26519011382714,0,0,1.64066937353601,-0.192844346755749,0,0,0,0,4211.6885634354,57993.8017269809,283.610743780131
8919632e3e824350ec5c0cd8a31749f4,1,1,4060.01879901994,57975.851154796,283.124237060547,3.65840045796338,0,0,1.35071610951299,-0.12423215338902,0,0,0,0,4211.6885634354,57993.8017269809,283.610743780131
8919632e3e824350ec5c0cd8a31749f4,1,1,4059.65551950236,57975.8942275645,283.124237060547,3.65840045796338,0,0,1.69295651890057,-0.146854581060661,0,0,0,0,4211.6885634354,57993.8017269809,283.610743780131
8919632e3e824350ec5c0cd8a31749f4,1,1,4059.12512675838,57976.1592805609,283.130981445312,3.79202363531161,0,0,1.3694546423024,-0.113902569158683,0,0,0,0,4211.6885634354,57993.8017269809,283.610743780131
8919632e3e824350ec5c0cd8a31749f4,1,1,4058.75059452382,57976.2186614151,283.130981445312,3.79202363531161,0,0,1.71252375352853,-0.136996891122403,0,0,0,0,4211.6885634354,57993.8017269809,283.610743780131
8919632e3e824350ec5c0cd8a31749f4,1,1,4058.04381497307,57976.2298764956,283.130950927734,4.02063435642183,0,0,1.37984260080507,-0.089156587581013,0,0,0,0,4213.2226634354,57992.9348269809,283.612731140771
8919632e3e824350ec5c0cd8a31749f4,1,1,4057.6454293239,57976.2838785288,283.130950927734,4.02063435642183,0,0,1.72414376710031,-0.106003010566631,0,0,0,0,4213.2226634354,57992.9348269809,283.612731140771
8919632e3e824350ec5c0cd8a31749f4,1,1,4057.30707228316,57976.3803383016,283.135101318359,3.98338216477139,0,0,1.38176754177626,-0.086323024974355,0,0,0,0,4213.2226634354,57992.9348269809,283.612731140771
8919632e3e824350ec5c0cd8a31749f4,1,1,4056.91265715563,57976.4362402456,283.135101318359,3.98338216477139,0,0,1.72586530963092,-0.10368748225476,0,0,0,0,4213.2226634354,57992.9348269809,283.612731140771
8919632e3e824350ec5c0cd8a31749f4,1,1,4056.67637540949,57976.4716145024,283.137176513672,3.87142738425724,0,0,1.38101746943385,-0.093869162322555,0,0,0,0,4213.2226634354,57992.9348269809,283.612731140771
8919632e3e824350ec5c0cd8a31749f4,1,1,4056.29283783905,57976.5247951202,283.137176513672,3.87142738425724,0,0,1.72499863041059,-0.112812620977861,0,0,0,0,4214.2962634354,57992.3269269809,283.61002678273
8919632e3e824350ec5c0cd8a31749f4,1,1,4056.1314233218,57976.5203323445,283.139434814453,3.71122006229765,0,0,1.38222148970715,-0.088079082234396,0,0,0,0,4214.2962634354,57992.3269269809,283.61002678273
8919632e3e824350ec5c0cd8a31749f4,1,1,4055.76333856423,57976.5677188383,283.139434814453,3.71122006229765,0,0,1.72654747911322,-0.105939126784484,0,0,0,0,4214.2962634354,57992.3269269809,283.61002678273
8919632e3e824350ec5c0cd8a31749f4,1,1,4055.72754612273,57976.4167690042,283.131378173828,3.45988868770791,0,0,1.38503320875942,-0.080457789737158,0,0,0,0,4214.2962634354,57992.3269269809,283.61002678273
8919632e3e824350ec5c0cd8a31749f4,1,1,4055.38309439303,57976.4488482797,283.131378173828,3.45988868770791,0,0,1.73036819718725,-0.095160248119373,0,0,0,0,4214.2962634354,57992.3269269809,283.61002678273
8919632e3e824350ec5c0cd8a31749f4,1,1,4055.40585783737,57976.3835440329,283.118499755859,3.19612595253336,0,0,1.38709297371313,-0.053457966448412,0,0,0,0,4214.9539634354,57991.9552269809,283.59805239722
8919632e3e824350ec5c0cd8a31749f4,1,1,4055.08711951543,57976.4071360521,283.118499755859,3.19612595253336,0,0,1.73299657880105,-0.063594193146743,0,0,0,0,4214.9539634354,57991.9552269809,283.59805239722
8919632e3e824350ec5c0cd8a31749f4,1,1,4055.06406841159,57976.3829750033,283.108642578125,2.9942057844164,0,0,1.56645407466541,-0.050113332334177,0,0,0,0,4214.9539634354,57991.9552269809,283.59805239722
8919632e3e824350ec5c0cd8a31749f4,1,1,4054.76528733084,57976.4025235823,283.108642578125,2.9942057844164,0,0,1.93367994424945,-0.059572868581037,0,0,0,0,4214.9539634354,57991.9552269809,283.59805239722
8919632e3e824350ec5c0cd8a31749f4,1,1,4054.83739494607,57976.3726207582,283.096069335937,2.7447382912059,0,0,1.64334909016932,-0.040509130140759,0,0,0,0,4214.9539634354,57991.9552269809,283.59805239722
8919632e3e824350ec5c0cd8a31749f4,1,1,4054.5633581992,57976.3873099638,283.096069335937,2.7447382912059,0,0,2.02216289500299,-0.048587151834284,0,0,0,0,4215.2736634354,57991.7737269809,283.592126363705
8919632e3e824350ec5c0cd8a31749f4,1,1,4054.7952168244,57976.3889591403,283.085052490234,2.41021799966252,0,0,1.6836630354659,-0.039393606529854,0,0,0,0,4215.2736634354,57991.7737269809,283.592126363705
8919632e3e824350ec5c0cd8a31749f4,1,1,4055.03099640453,57976.3850445194,283.069610595703,2.07457129322073,0,0,1.36341960582744,-0.043999305308379,0,0,0,0,4215.2736634354,57991.7737269809,283.592126363705
8919632e3e824350ec5c0cd8a31749f4,1,1,4054.82371599081,57976.3947718714,283.069610595703,2.07457129322073,0,0,1.70397393588557,-0.053333564720793,0,0,0,0,4215.2736634354,57991.7737269809,283.592126363705
8919632e3e824350ec5c0cd8a31749f4,1,1,4055.12455030279,57976.3844411989,283.058654785156,1.7174865716572,0,0,1.37205293844539,-0.054214965594507,0,0,0,0,4215.2736634354,57991.7737269809,283.592126363705
8919632e3e824350ec5c0cd8a31749f4,1,1,4054.95288421343,57976.3922474153,283.058654785156,1.7174865716572,0,0,1.7145386680004,-0.064854372099727,0,0,0,0,4215.2745634354,57991.7716269809,283.575494188092
8919632e3e824350ec5c0cd8a31749f4,1,1,4055.29181451285,57976.3656310147,283.046691894531,1.35837230891967,0,0,1.37915843716722,-0.049880240715313,0,0,0,0,4215.2745634354,57991.7716269809,283.575494188092
8919632e3e824350ec5c0cd8a31749f4,1,1,4055.15607864971,57976.3709925303,283.046691894531,1.35837230891967,0,0,1.72305443595439,-0.059422579427527,0,0,0,0,4215.2745634354,57991.7716269809,283.575494188092
8919632e3e824350ec5c0cd8a31749f4,1,1,4055.51534565094,57976.3642868755,283.036712646484,1.01060301714353,0,0,1.3833084275819,-0.048994124358998,0,0,0,0,4215.2741634354,57991.7705269809,283.572106675763
8919632e3e824350ec5c0cd8a31749f4,1,1,4055.41432159766,57976.3681980345,283.036712646484,1.01060301714353,0,0,1.72838373266941,-0.058479768286369,0,0,0,0,4215.2741634354,57991.7705269809,283.572106675763
8919632e3e824350ec5c0cd8a31749f4,1,1,4055.73009013831,57976.3556989319,283.027526855469,0.717510849155047,0,0,1.38390346148082,-0.056436454518339,0,0,0,0,4215.2741634354,57991.7705269809,283.572106675763
8919632e3e824350ec5c0cd8a31749f4,1,1,4055.65839765727,57976.3586134974,283.027526855469,0.717510849155047,0,0,1.72925191463824,-0.066916052141647,0,0,0,0,4215.2741634354,57991.7705269809,283.572106675763
8919632e3e824350ec5c0cd8a31749f4,1,1,4055.92878326294,57976.3568629855,283.017822265625,0.476765090982597,0,0,1.38426333619352,-0.063029833338931,0,0,0,0,4215.2741634354,57991.7705269809,283.572106675763
8919632e3e824350ec5c0cd8a31749f4,1,1,4055.8811665114,57976.3590508965,283.017822265625,0.476765090982597,0,0,1.72980987398839,-0.074809989219995,0,0,0,0,4215.2697634354,57991.7704269809,283.564873958169
